,fixed acidity,volatile acidity,citric acid,residual sugar,chlorides,free sulfur dioxide,total sulfur dioxide,density,pH,sulphates,alcohol
1232,7.9,0.44,0.37,5.85,0.033,27.0,93.0,0.992,3.16,0.54,12.6
1581,9.0,0.3,0.49,7.2,0.039,32.0,84.0,0.9938,2.94,0.32,11.5
2901,6.5,0.22,0.32,2.2,0.028,36.0,92.0,0.99076,3.27,0.59,11.9
4508,5.8,0.26,0.3,2.6,0.034,75.0,129.0,0.9902,3.2,0.38,11.5
4522,9.0,0.2,0.33,3.5,0.049,10.0,40.0,0.9944,3.14,0.36,9.8
13,6.6,0.16,0.4,1.5,0.044,48.0,143.0,0.9912,3.54,0.52,12.4
4201,6.7,0.41,0.27,2.6,0.033,25.0,85.0,0.99086,3.05,0.34,11.7
2692,6.9,0.31,0.32,1.2,0.024,20.0,166.0,0.99208,3.05,0.54,9.8
692,6.0,0.36,0.16,6.3,0.036,36.0,191.0,0.9942,3.17,0.62,9.8
3155,6.8,0.39,0.34,7.4,0.02,38.0,133.0,0.99212,3.18,0.44,12.0
158,5.2,0.44,0.04,1.4,0.036,43.0,119.0,0.9894,3.36,0.33,12.1
2737,7.4,0.2,0.28,9.1,0.047,29.0,95.0,0.99532,3.16,0.47,9.8
3636,6.5,0.26,0.39,1.4,0.02,12.0,66.0,0.99089,3.25,0.75,11.3
2372,6.0,0.33,0.18,3.0,0.036,5.0,85.0,0.99125,3.28,0.4,11.5
2110,6.5,0.22,0.25,17.1,0.05,44.0,138.0,1.0001,3.3,0.37,8.8
4461,7.7,0.28,0.24,2.4,0.044,29.0,157.0,0.99312,3.27,0.56,10.6
2875,6.7,0.15,0.38,1.7,0.037,20.0,84.0,0.99046,3.09,0.53,11.4
4172,6.8,0.34,0.27,5.2,0.06,14.0,169.0,0.99252,3.27,0.57,11.6
256,6.3,0.35,0.3,5.7,0.035,8.0,97.0,0.9927,3.27,0.41,11.0
3161,6.1,0.17,0.42,15.1,0.033,28.0,124.0,0.99684,2.87,0.47,9.5
1511,8.8,0.23,0.74,3.2,0.042,15.0,126.0,0.9934,3.02,0.51,11.2
1133,8.7,0.22,0.42,2.3,0.053,27.0,114.0,0.994,2.99,0.43,10.0
2575,6.7,0.17,0.42,10.4,0.038,85.0,182.0,0.99628,3.04,0.44,8.9
566,7.2,0.35,0.34,12.4,0.051,6.0,37.0,0.9944,3.13,0.39,11.5
1677,7.3,0.23,0.37,1.8,0.032,60.0,156.0,0.992,3.11,0.35,11.1
1597,6.4,0.27,0.49,7.3,0.046,53.0,206.0,0.9956,3.24,0.43,9.2
803,6.6,0.21,0.31,11.4,0.039,46.0,165.0,0.99795,3.41,0.44,9.8
981,7.7,0.28,0.33,6.7,0.037,32.0,155.0,0.9951,3.39,0.62,10.7
1340,7.2,0.16,0.32,0.8,0.04,50.0,121.0,0.9922,3.27,0.33,10.0
4512,6.1,0.27,0.32,1.1,0.034,24.0,110.0,0.9898,3.36,0.4,12.5
1895,7.9,0.26,0.33,10.3,0.039,73.0,212.0,0.9969,2.93,0.49,9.5
4082,5.9,0.23,0.28,8.6,0.046,37.0,142.0,0.99432,3.23,0.53,10.6
3128,5.0,0.24,0.21,2.2,0.039,31.0,100.0,0.99098,3.69,0.62,11.7
4437,6.5,0.29,0.3,9.15,0.051,25.0,166.0,0.99339,3.24,0.56,11.35
195,6.4,0.3,0.45,3.5,0.197,76.0,180.0,0.9942,3.02,0.39,9.1
3143,5.5,0.19,0.27,0.9,0.04,52.0,103.0,0.99026,3.5,0.39,11.2
2073,6.6,0.27,0.29,5.3,0.045,57.0,189.0,0.9953,3.31,0.79,9.8
85,7.1,0.44,0.62,11.8,0.044,52.0,152.0,0.9975,3.12,0.46,8.7
2753,5.8,0.315,0.27,1.55,0.026,15.0,70.0,0.98994,3.37,0.4,11.9
897,7.0,0.29,0.26,1.6,0.044,12.0,87.0,0.9923,3.08,0.46,10.5
1379,6.9,0.46,0.2,0.9,0.054,5.0,126.0,0.992,3.1,0.42,10.4
347,6.7,0.19,0.41,15.6,0.056,75.0,155.0,0.9995,3.2,0.44,8.8
3249,6.4,0.23,0.35,4.6,0.039,43.0,147.0,0.99216,3.18,0.4,11.0
2497,6.8,0.21,0.36,18.1,0.046,32.0,133.0,1.0,3.27,0.48,8.8
4892,6.5,0.23,0.38,1.3,0.032,29.0,112.0,0.99298,3.29,0.54,9.7
4545,6.3,0.25,0.53,1.8,0.021,41.0,101.0,0.989315,3.19,0.31,13.0
2739,6.8,0.32,0.28,4.8,0.034,25.0,100.0,0.99026,3.08,0.47,12.4
2165,7.0,0.35,0.31,1.8,0.069,15.0,162.0,0.9944,3.18,0.47,9.4
23,7.6,0.67,0.14,1.5,0.074,25.0,168.0,0.9937,3.05,0.51,9.3
1040,8.2,0.68,0.3,2.1,0.047,17.0,138.0,0.995,3.22,0.71,10.8
4480,5.9,0.22,0.45,22.6,0.12,55.0,122.0,0.99636,3.1,0.35,12.8
2622,6.6,0.26,0.21,2.9,0.026,48.0,126.0,0.99089,3.22,0.38,11.3
3998,6.4,0.24,0.49,5.8,0.053,25.0,120.0,0.9942,3.01,0.98,10.5
3652,6.6,0.085,0.33,1.4,0.036,17.0,109.0,0.99306,3.27,0.61,9.5
3318,6.6,0.16,0.35,1.8,0.042,26.0,105.0,0.98962,3.19,0.75,12.4
450,7.2,0.6,0.2,9.9,0.07,21.0,174.0,0.9971,3.03,0.54,9.1
701,5.9,0.34,0.22,2.4,0.03,19.0,135.0,0.9894,3.41,0.78,13.9
1217,8.0,0.61,0.38,12.1,0.301,24.0,220.0,0.9993,2.94,0.48,9.2
4742,6.0,0.27,0.32,3.6,0.035,36.0,133.0,0.99215,3.23,0.46,10.8
1303,8.2,0.2,0.36,8.1,0.035,60.0,163.0,0.9952,3.05,0.3,10.3
2267,6.6,0.19,0.43,10.9,0.045,53.0,154.0,0.99752,3.52,0.77,10.4
2755,6.6,0.34,0.18,6.4,0.082,47.0,240.0,0.9971,3.42,0.48,9.2
2867,6.7,0.48,0.32,1.4,0.021,22.0,121.0,0.9889,3.15,0.53,12.7
4126,6.3,0.18,0.22,5.6,0.047,45.0,147.0,0.99383,3.09,0.54,10.0
1282,7.4,0.31,0.74,10.7,0.039,51.0,147.0,0.9977,3.02,0.43,8.7
986,7.4,0.28,0.3,5.3,0.054,44.0,161.0,0.9941,3.12,0.48,10.3
2492,6.1,0.28,0.24,19.95,0.074,32.0,174.0,0.99922,3.19,0.44,9.3
616,7.8,0.32,0.33,2.4,0.037,18.0,101.0,0.9912,3.21,0.65,11.7
717,7.0,0.27,0.41,18.75,0.042,34.0,157.0,1.0002,2.96,0.5,9.1
1689,7.1,0.16,0.25,1.3,0.034,28.0,123.0,0.9915,3.27,0.55,11.4
1316,7.9,0.255,0.26,2.0,0.026,40.0,190.0,0.9932,3.04,0.39,11.2
2415,8.2,0.24,0.3,2.3,0.05,23.0,106.0,0.99397,2.98,0.5,10.0
93,6.9,0.21,0.33,1.8,0.034,48.0,136.0,0.9899,3.25,0.41,12.6
2386,6.9,0.3,0.29,1.3,0.053,24.0,189.0,0.99362,3.29,0.54,9.9
179,6.4,0.25,0.32,5.5,0.049,41.0,176.0,0.995,3.19,0.68,9.2
3501,6.7,0.24,0.36,8.4,0.042,42.0,123.0,0.99473,3.34,0.52,10.9
4879,6.6,0.34,0.4,8.1,0.046,68.0,170.0,0.99494,3.15,0.5,9.53333333333333
3299,6.8,0.32,0.32,8.7,0.029,31.0,105.0,0.99146,3.0,0.34,12.3
4835,5.6,0.295,0.26,1.1,0.035,40.0,102.0,0.99154,3.47,0.56,10.6
4466,6.2,0.32,0.24,4.1,0.051,34.0,149.0,0.99306,3.36,0.52,11.0
754,5.9,0.35,0.47,2.2,0.11,14.0,138.0,0.9932,3.09,0.5,9.1
4361,6.5,0.2,0.33,1.5,0.039,36.0,110.0,0.99008,3.22,0.65,12.0
4724,6.1,0.32,0.33,10.7,0.036,27.0,98.0,0.99521,3.34,0.52,10.2
2000,6.8,0.31,0.09,1.4,0.04,56.0,145.0,0.9922,3.19,0.46,10.0
4611,5.9,0.42,0.36,2.4,0.034,19.0,77.0,0.99184,3.25,0.48,10.9
1452,7.8,0.43,0.49,13.0,0.033,37.0,158.0,0.9955,3.14,0.35,11.3
437,6.6,0.16,0.32,1.4,0.035,49.0,186.0,0.9906,3.35,0.64,12.4
2712,6.4,0.21,0.44,7.4,0.045,47.0,182.0,0.9957,3.24,0.46,9.1
2290,7.4,0.18,0.24,1.4,0.047,21.0,106.0,0.99383,3.52,0.64,10.5
2914,6.9,0.14,0.38,1.0,0.041,22.0,81.0,0.99043,3.03,0.54,11.4
4273,5.7,0.22,0.2,16.0,0.044,41.0,113.0,0.99862,3.22,0.46,8.9
493,6.3,0.19,0.28,1.8,0.022,28.0,158.0,0.9907,3.2,0.64,11.4
1183,6.4,0.26,0.3,2.2,0.025,33.0,134.0,0.992,3.21,0.47,10.6
401,6.8,0.37,0.51,11.8,0.044,62.0,163.0,0.9976,3.19,0.44,8.8
3621,7.1,0.27,0.24,12.6,0.044,48.0,118.0,0.99726,3.04,0.56,10.0
2924,6.6,0.22,0.29,14.4,0.046,39.0,118.0,0.99834,3.05,0.5,9.1
4791,6.7,0.3,0.5,12.1,0.045,38.0,127.0,0.9974,3.04,0.53,8.9
4369,6.4,0.29,0.21,9.65,0.041,36.0,119.0,0.99334,2.99,0.34,10.9333333333333
992,6.5,0.25,0.27,15.2,0.049,75.0,217.0,0.9972,3.19,0.39,9.9
2338,7.2,0.34,0.3,8.4,0.051,40.0,167.0,0.99756,3.48,0.62,9.7
1067,7.5,0.19,0.34,2.6,0.037,33.0,125.0,0.9923,3.1,0.49,11.1
1847,7.4,0.44,0.2,11.5,0.049,44.0,157.0,0.998,3.27,0.44,9.0
1723,6.5,0.18,0.34,1.6,0.04,43.0,148.0,0.9912,3.32,0.59,11.5
3927,6.5,0.22,0.31,3.9,0.046,17.0,106.0,0.99098,3.15,0.31,11.5
3877,7.1,0.28,0.31,1.5,0.053,20.0,98.0,0.99069,3.15,0.5,11.4
2117,7.7,0.26,0.32,1.2,0.04,26.0,117.0,0.993,3.21,0.56,10.8
1100,6.3,0.27,0.25,5.8,0.038,52.0,155.0,0.995,3.28,0.38,9.4
4176,6.8,0.24,0.33,3.2,0.049,68.0,161.0,0.99324,3.1,0.69,10.2
3460,6.8,0.19,0.4,9.85,0.055,41.0,103.0,0.99532,2.98,0.56,10.5
1905,7.5,0.29,0.67,8.1,0.037,53.0,166.0,0.9966,2.9,0.41,8.9
4224,5.4,0.22,0.35,6.5,0.029,26.0,87.0,0.99092,3.29,0.44,12.5
796,7.8,0.42,0.23,8.8,0.054,42.0,215.0,0.9971,3.02,0.58,9.2
4434,7.2,0.24,0.24,1.7,0.045,18.0,161.0,0.99196,3.25,0.53,11.2
1762,6.4,0.17,0.27,1.5,0.037,20.0,98.0,0.9916,3.46,0.42,11.0
2689,7.6,0.18,0.28,7.1,0.041,29.0,110.0,0.99652,3.2,0.42,9.2
1013,6.2,0.25,0.47,11.6,0.048,62.0,210.0,0.9968,3.19,0.5,9.5
217,5.8,0.26,0.24,9.2,0.044,55.0,152.0,0.9961,3.31,0.38,9.4
1127,6.4,0.125,0.29,5.85,0.042,24.0,99.0,0.992,3.23,0.32,12.0
226,6.4,0.17,0.32,2.4,0.048,41.0,200.0,0.9938,3.5,0.5,9.7
2950,6.0,0.28,0.25,1.8,0.042,8.0,108.0,0.9929,3.08,0.55,9.0
2955,7.4,0.35,0.24,6.0,0.042,28.0,123.0,0.99304,3.14,0.44,11.3
9,8.1,0.22,0.43,1.5,0.044,28.0,129.0,0.9938,3.22,0.45,11.0
640,5.6,0.235,0.29,1.2,0.047,33.0,127.0,0.991,3.34,0.5,11.0
3929,6.6,0.32,0.47,15.6,0.063,27.0,173.0,0.99872,3.18,0.56,9.0
6,6.2,0.32,0.16,7.0,0.045,30.0,136.0,0.9949,3.18,0.47,9.6
1427,7.4,0.25,0.49,1.1,0.042,35.0,156.0,0.9917,3.13,0.55,11.3
3617,7.0,0.29,0.33,0.9,0.041,20.0,117.0,0.99048,3.21,0.5,11.4
4870,6.1,0.32,0.28,6.6,0.021,29.0,132.0,0.99188,3.15,0.36,11.45
2765,6.4,0.27,0.29,10.8,0.028,17.0,118.0,0.99356,3.18,0.37,11.2
1294,6.9,0.41,0.22,4.2,0.031,10.0,102.0,0.993,3.0,0.86,11.6
4475,5.7,0.22,0.33,1.9,0.036,37.0,110.0,0.98945,3.26,0.58,12.4
2280,6.4,0.16,0.25,1.3,0.047,20.0,77.0,0.9933,3.61,0.54,10.2
3771,6.1,0.27,0.28,9.8,0.042,61.0,125.0,0.99532,3.14,0.42,10.2
2935,7.1,0.27,0.28,1.25,0.023,3.0,89.0,0.98993,2.95,0.3,11.4
3421,6.3,0.29,0.28,4.7,0.059,28.0,81.0,0.99036,3.24,0.56,12.7
1268,7.6,0.31,0.29,10.5,0.04,21.0,145.0,0.9966,3.04,0.35,9.4
3677,6.9,0.58,0.58,8.2,0.032,29.0,169.0,0.99275,3.28,0.44,12.2
2020,7.7,0.26,0.34,6.4,0.05,36.0,163.0,0.9937,3.19,0.7,11.5
894,5.8,0.26,0.18,1.2,0.031,40.0,114.0,0.9908,3.42,0.4,11.0
1980,7.6,0.2,0.3,14.2,0.056,53.0,212.5,0.999,3.14,0.46,8.9
2093,6.6,0.22,0.53,15.1,0.052,22.0,136.0,0.9986,2.94,0.35,9.4
261,6.9,0.29,0.4,19.45,0.043,36.0,156.0,0.9996,2.93,0.47,8.9
4689,6.7,0.16,0.32,12.5,0.035,18.0,156.0,0.99666,2.88,0.36,9.0
366,6.0,0.18,0.27,1.5,0.089,40.0,143.0,0.9923,3.49,0.62,10.8
4124,6.0,0.13,0.36,1.6,0.052,23.0,72.0,0.98974,3.1,0.5,11.5
2382,6.9,0.15,0.28,4.4,0.029,14.0,107.0,0.99347,3.24,0.46,10.4
86,7.2,0.39,0.63,11.0,0.044,55.0,156.0,0.9974,3.09,0.44,8.7
4728,7.2,0.21,0.31,10.5,0.035,36.0,122.0,0.99478,3.12,0.4,10.6
1755,6.3,0.25,0.23,14.9,0.039,47.0,142.0,0.99705,3.14,0.35,9.7
4165,6.6,0.22,0.35,1.4,0.05,23.0,83.0,0.99019,3.17,0.48,12.0
4542,6.9,0.28,0.37,9.1,0.037,16.0,76.0,0.9948,3.05,0.54,11.1
2362,6.5,0.18,0.29,1.7,0.035,39.0,144.0,0.9927,3.49,0.5,10.5
2630,5.9,0.445,0.26,1.4,0.027,23.0,109.0,0.99148,3.3,0.36,10.5
2583,6.8,0.18,0.3,12.8,0.062,19.0,171.0,0.99808,3.0,0.52,9.0
4394,6.3,0.2,0.26,12.7,0.046,60.0,143.0,0.99526,3.26,0.35,10.8
1802,6.8,0.23,0.29,15.4,0.073,56.0,173.0,0.9984,3.06,0.41,8.7
1077,7.8,0.26,0.44,1.3,0.037,43.0,132.0,0.9944,3.18,0.65,10.0
2922,6.5,0.44,0.47,5.45,0.014,44.0,137.0,0.98984,3.13,0.32,13.0
144,8.1,0.2,0.4,2.0,0.037,19.0,87.0,0.9921,3.12,0.54,11.2
488,7.4,0.29,0.29,1.6,0.045,53.0,180.0,0.9936,3.34,0.68,10.5
4894,6.6,0.32,0.36,8.0,0.047,57.0,168.0,0.9949,3.15,0.46,9.6
166,8.4,0.27,0.46,8.7,0.048,39.0,197.0,0.9974,3.14,0.59,9.6
3330,6.7,0.23,0.33,8.1,0.048,45.0,176.0,0.99472,3.11,0.52,10.1
2602,6.4,0.22,0.34,1.4,0.023,56.0,115.0,0.98958,3.18,0.7,11.7
374,5.1,0.33,0.22,1.6,0.027,18.0,89.0,0.9893,3.51,0.38,12.5
2904,6.4,0.25,0.32,0.9,0.034,40.0,114.0,0.99114,3.31,0.58,10.8
2570,6.6,0.24,0.28,1.8,0.028,39.0,132.0,0.99182,3.34,0.46,11.4
3430,7.1,0.17,0.4,14.55,0.047,47.0,156.0,0.99945,3.34,0.78,9.1
3052,5.6,0.2,0.66,10.2,0.043,78.0,175.0,0.9945,2.98,0.43,10.4
2462,8.3,0.25,0.33,2.5,0.053,12.0,72.0,0.99404,2.89,0.48,9.5
700,8.4,0.4,0.7,13.1,0.042,29.0,197.0,0.998,3.06,0.64,9.7
1867,6.9,0.37,0.28,13.8,0.031,34.0,137.0,0.9948,3.1,0.37,11.6
2445,6.6,0.34,0.34,2.6,0.051,40.5,210.0,0.99314,3.15,0.61,10.0
3174,6.9,0.36,0.35,8.6,0.038,37.0,125.0,0.9916,3.0,0.32,12.4
2487,7.9,0.27,0.27,1.7,0.034,25.0,122.0,0.99088,2.97,0.51,11.9
695,6.3,0.34,0.28,14.7,0.047,49.0,198.0,0.9977,3.23,0.46,9.5
2588,6.8,0.18,0.3,12.8,0.062,19.0,171.0,0.99808,3.0,0.52,9.0
648,6.0,0.32,0.12,5.9,0.041,34.0,190.0,0.9944,3.16,0.72,10.0
3410,8.9,0.3,0.35,4.6,0.032,32.0,148.0,0.99458,3.15,0.45,11.5
240,7.3,0.32,0.23,13.7,0.05,49.0,197.0,0.9985,3.2,0.46,8.7
2301,6.6,0.22,0.28,12.05,0.058,25.0,125.0,0.99856,3.45,0.45,9.4
3542,6.6,0.23,0.37,8.5,0.036,46.0,153.0,0.99576,3.2,0.48,9.4
1618,6.4,0.37,0.49,13.3,0.045,53.0,243.0,0.9982,3.14,0.48,8.5
2610,6.3,0.27,0.46,11.1,0.053,44.0,177.0,0.99691,3.18,0.67,9.4
281,6.1,0.31,0.58,5.0,0.039,36.0,114.0,0.9909,3.3,0.6,12.3
65,6.2,0.35,0.03,1.2,0.064,29.0,120.0,0.9934,3.22,0.54,9.1
1415,5.9,0.415,0.02,0.8,0.038,22.0,63.0,0.9932,3.36,0.36,9.3
1053,9.4,0.29,0.55,2.2,0.05,17.0,119.0,0.9962,3.12,0.69,10.3
2833,7.2,0.44,0.28,3.4,0.048,22.0,112.0,0.99188,3.21,0.37,11.3
94,7.5,0.17,0.32,1.7,0.04,51.0,148.0,0.9916,3.21,0.44,11.5
845,7.3,0.21,0.29,1.6,0.034,29.0,118.0,0.9917,3.3,0.5,11.0
3446,7.3,0.34,0.3,9.4,0.057,34.0,178.0,0.99554,3.15,0.44,10.4
4787,3.9,0.225,0.4,4.2,0.03,29.0,118.0,0.989,3.57,0.36,12.8
3965,7.3,0.38,0.23,6.5,0.05,18.0,102.0,0.99304,3.1,0.55,11.2
570,7.4,0.41,0.66,10.8,0.051,77.0,194.0,0.9976,3.05,0.46,8.7
4831,5.8,0.38,0.26,1.1,0.058,20.0,140.0,0.99271,3.27,0.43,9.7
2491,6.0,0.2,0.24,5.3,0.075,49.0,201.0,0.99466,3.21,0.43,9.5
4306,6.1,0.24,0.27,11.5,0.05,51.0,133.0,0.99476,3.22,0.37,10.8
2228,7.1,0.2,0.36,11.6,0.042,45.0,124.0,0.997,2.92,0.59,9.5
4222,6.1,0.38,0.14,3.9,0.06,27.0,113.0,0.99344,3.07,0.34,9.2
3734,6.0,0.21,0.29,13.1,0.042,28.0,125.0,0.99936,3.39,0.45,8.6
4065,6.6,0.5,0.26,11.3,0.029,32.0,110.0,0.99302,3.27,0.78,12.9
253,5.8,0.24,0.44,3.5,0.029,5.0,109.0,0.9913,3.53,0.43,11.7
2920,7.4,0.28,0.4,11.9,0.032,13.0,92.0,0.99629,3.01,0.46,10.8
4259,3.8,0.31,0.02,11.1,0.036,20.0,114.0,0.99248,3.75,0.44,12.4
3862,6.5,0.27,0.19,6.6,0.045,98.0,175.0,0.99364,3.16,0.34,10.1
4311,7.1,0.23,0.28,1.9,0.046,33.0,103.0,0.98997,3.12,0.31,12.0
3573,7.8,0.31,0.4,1.6,0.027,20.0,87.0,0.9911,3.15,0.48,11.9
2786,8.0,0.3,0.36,11.0,0.034,8.0,70.0,0.99354,3.05,0.41,12.2
367,6.9,0.33,0.21,1.0,0.053,39.0,148.0,0.9927,3.12,0.45,9.4
2741,6.9,0.615,0.42,12.0,0.067,24.0,131.0,0.99727,3.19,0.34,9.3
3243,6.6,0.34,0.24,3.3,0.034,29.0,99.0,0.99031,3.1,0.4,12.3
2122,6.9,0.26,0.33,12.6,0.051,59.0,173.0,0.998,3.39,0.38,9.9
1632,7.1,0.28,0.49,6.5,0.041,28.0,111.0,0.9926,3.41,0.58,12.2
4247,6.6,0.36,0.47,1.4,0.145,26.0,124.0,0.99274,3.09,0.56,10.1
2012,6.8,0.18,0.46,1.4,0.064,37.0,160.0,0.9924,3.37,0.45,11.1
2411,8.0,0.27,0.25,19.1,0.045,50.0,208.0,1.00051,3.05,0.5,9.2
2666,5.9,0.34,0.31,2.0,0.03,38.0,142.0,0.98892,3.4,0.41,12.9
2961,6.9,0.23,0.41,8.0,0.03,30.0,114.0,0.99368,3.22,0.54,11.0
2843,5.9,0.22,0.38,1.3,0.046,24.0,90.0,0.99232,3.2,0.47,10.0
7,7.0,0.27,0.36,20.7,0.045,45.0,170.0,1.001,3.0,0.45,8.8
36,6.5,0.39,0.23,5.4,0.051,25.0,149.0,0.9934,3.24,0.35,10.0
4447,6.6,0.38,0.29,2.9,0.035,15.0,101.0,0.98916,3.04,0.37,12.5
3231,6.8,0.21,0.37,7.0,0.038,27.0,107.0,0.99206,2.98,0.82,11.5
679,5.7,0.32,0.38,4.75,0.033,23.0,94.0,0.991,3.42,0.42,11.8
4316,7.2,0.585,0.2,10.4,0.086,17.0,94.0,0.99681,3.13,0.4,9.4
2820,6.7,0.325,0.82,1.2,0.152,49.0,120.0,0.99312,2.99,0.38,9.2
3993,6.7,0.28,0.34,8.9,0.048,32.0,111.0,0.99455,3.25,0.54,11.0
4436,6.7,0.28,0.28,4.5,0.051,14.0,92.0,0.99224,3.36,0.58,11.9
728,6.4,0.16,0.31,5.3,0.043,42.0,157.0,0.99455,3.35,0.47,10.5
3556,4.8,0.21,0.21,10.2,0.037,17.0,112.0,0.99324,3.66,0.48,12.2
4821,7.0,0.24,0.47,1.3,0.043,18.0,131.0,0.99176,3.19,0.45,11.0
4234,6.3,0.22,0.3,2.0,0.05,23.0,120.0,0.99204,3.24,0.47,10.4
2023,6.3,0.21,0.28,1.5,0.051,46.0,142.0,0.9928,3.23,0.42,10.1
4859,6.0,0.43,0.34,7.6,0.045,25.0,118.0,0.99222,3.03,0.37,11.0
550,7.0,0.3,0.51,13.6,0.05,40.0,168.0,0.9976,3.07,0.52,9.6
3196,6.4,0.22,0.38,9.1,0.044,35.0,127.0,0.99326,2.97,0.3,11.0
3286,6.8,0.23,0.31,2.8,0.047,40.0,122.0,0.99126,3.06,0.64,10.9
1735,8.0,0.32,0.36,4.6,0.042,56.0,178.0,0.9928,3.29,0.47,12.0
2644,7.15,0.17,0.24,9.6,0.119,56.0,178.0,0.99578,3.15,0.44,10.2
4162,7.4,0.16,0.3,13.7,0.056,33.0,168.0,0.99825,2.9,0.44,8.7
1147,8.9,0.34,0.32,1.3,0.041,12.0,188.0,0.9953,3.17,0.49,9.5
2190,7.6,0.27,0.42,2.6,0.044,29.0,110.0,0.9912,3.31,0.51,12.7
4030,6.9,0.19,0.38,1.15,0.023,30.0,105.0,0.99047,3.11,0.38,11.4
2593,6.3,0.21,0.29,11.7,0.048,49.0,147.0,0.99482,3.22,0.38,10.8
1996,7.0,0.28,0.33,14.6,0.043,47.0,168.0,0.9994,3.34,0.67,8.8
4122,6.2,0.34,0.25,12.1,0.059,33.0,171.0,0.99769,3.14,0.56,8.7
1058,7.5,0.21,0.34,1.2,0.06,26.0,111.0,0.9931,3.51,0.47,10.7
2260,7.6,0.48,0.28,10.4,0.049,57.0,205.0,0.99748,3.24,0.45,9.3
2535,9.0,0.26,0.34,6.7,0.029,21.0,162.0,0.99497,3.08,0.5,10.6
4770,6.8,0.27,0.3,13.0,0.047,69.0,160.0,0.99705,3.16,0.5,9.6
2289,7.3,0.4,0.28,6.5,0.037,26.0,97.0,0.99148,3.16,0.58,12.6
749,7.3,0.3,0.42,7.35,0.025,51.0,175.0,0.9928,3.04,0.32,11.4
3584,7.4,0.25,0.28,7.25,0.028,14.0,78.0,0.99238,2.94,0.37,11.5
1795,6.7,0.37,0.41,6.3,0.061,22.0,149.0,0.9953,3.16,0.47,9.6
1792,7.8,0.22,0.36,1.4,0.056,21.0,153.0,0.993,3.2,0.53,10.4
2952,6.1,0.27,0.25,1.8,0.041,9.0,109.0,0.9929,3.08,0.54,9.0
4839,5.2,0.405,0.15,1.45,0.038,10.0,44.0,0.99125,3.52,0.4,11.6
3951,6.3,0.33,0.2,17.9,0.066,36.0,161.0,0.9991,3.14,0.51,8.8
2146,7.2,0.115,0.3,6.8,0.056,26.0,105.0,0.9954,3.44,0.4,9.6
3102,6.5,0.29,0.26,7.0,0.04,18.0,113.0,0.99366,3.17,0.38,10.2
4410,5.7,0.24,0.47,6.3,0.069,35.0,182.0,0.99391,3.11,0.46,9.73333333333333
3750,7.0,0.15,0.28,14.7,0.051,29.0,149.0,0.99792,2.96,0.39,9.0
1416,6.6,0.23,0.26,1.3,0.045,16.0,128.0,0.9934,3.36,0.6,10.0
3616,7.7,0.32,0.61,11.8,0.041,66.0,188.0,0.99794,3.0,0.54,9.3
2573,6.3,0.34,0.36,4.9,0.035,31.0,185.0,0.9946,3.15,0.49,9.7
4547,5.9,0.29,0.32,1.4,0.022,17.0,47.0,0.9899,3.35,0.35,11.5
1819,6.8,0.33,0.28,1.2,0.032,38.0,131.0,0.9889,3.19,0.41,13.0
409,8.2,0.28,0.42,1.8,0.031,30.0,93.0,0.9917,3.09,0.39,11.4
2890,5.2,0.285,0.29,5.15,0.035,64.0,138.0,0.9895,3.19,0.34,12.4
4775,5.0,0.27,0.4,1.2,0.076,42.0,124.0,0.99204,3.32,0.47,10.1
3440,6.8,0.17,0.32,1.4,0.04,35.0,106.0,0.99026,3.16,0.66,12.0
3635,5.8,0.58,0.0,1.5,0.02,33.0,96.0,0.98918,3.29,0.38,12.4
3934,7.3,0.27,0.3,1.3,0.04,26.0,84.0,0.99222,3.28,0.53,10.7
2792,6.8,0.26,0.44,8.2,0.046,52.0,183.0,0.99584,3.2,0.51,9.4
1787,7.2,0.26,0.3,2.1,0.033,50.0,158.0,0.9909,3.33,0.43,12.1
1397,7.3,0.25,0.36,13.1,0.05,35.0,200.0,0.9986,3.04,0.46,8.9
4778,5.8,0.315,0.19,19.4,0.031,28.0,106.0,0.99704,2.97,0.4,10.55
786,7.7,0.34,0.28,11.0,0.04,31.0,117.0,0.99815,3.27,0.29,9.2
4334,7.3,0.19,0.27,13.9,0.057,45.0,155.0,0.99807,2.94,0.41,8.8
1612,7.8,0.26,0.49,3.2,0.027,28.0,87.0,0.9919,3.03,0.32,11.3
904,6.9,0.21,0.28,2.4,0.056,49.0,159.0,0.9944,3.02,0.47,8.8
1700,6.7,0.26,0.3,1.8,0.043,25.0,121.0,0.9944,3.44,0.61,10.2
1964,6.8,0.31,0.42,6.9,0.046,50.0,173.0,0.9958,3.19,0.46,9.0
4506,6.6,0.19,0.28,1.1,0.044,38.0,100.0,0.9904,3.22,0.69,11.2
4090,6.7,0.24,0.3,10.2,0.07,44.0,179.0,0.99666,2.86,0.46,8.9
4570,5.8,0.29,0.15,1.1,0.029,12.0,83.0,0.9898,3.3,0.4,11.4
689,6.7,0.17,0.37,2.0,0.039,34.0,125.0,0.9922,3.26,0.6,10.8
527,6.1,0.28,0.22,1.8,0.034,32.0,116.0,0.9898,3.36,0.44,12.6
643,6.4,0.24,0.28,11.5,0.05,34.0,163.0,0.9969,3.31,0.45,9.5
2994,6.8,0.18,0.28,9.8,0.039,29.0,113.0,0.99406,3.11,0.45,10.9
4766,6.4,0.32,0.25,5.0,0.055,28.0,138.0,0.99171,3.27,0.5,12.4
4350,7.0,0.36,0.25,5.7,0.015,14.0,73.0,0.98963,2.82,0.59,13.2
1943,6.3,0.25,0.44,11.6,0.041,48.0,195.0,0.9968,3.18,0.52,9.5
1482,6.7,0.16,0.49,2.4,0.046,57.0,187.0,0.9952,3.62,0.81,10.4
1967,8.0,0.23,0.35,9.2,0.044,53.0,186.0,0.997,3.09,0.56,9.5
753,7.0,0.21,0.34,8.5,0.033,31.0,253.0,0.9953,3.22,0.56,10.5
3417,6.7,0.64,0.3,1.2,0.03,18.0,76.0,0.9892,3.16,0.6,12.9
1562,7.1,0.34,0.49,1.5,0.027,26.0,126.0,0.99,3.3,0.33,12.2
168,7.5,0.29,0.31,8.95,0.055,20.0,151.0,0.9968,3.08,0.54,9.3
4110,7.6,0.4,0.27,1.2,0.053,23.0,193.0,0.99164,3.22,0.38,11.6
1057,7.2,0.51,0.24,10.0,0.093,35.0,197.0,0.9981,3.41,0.47,9.0
659,6.8,0.29,0.16,1.4,0.038,122.5,234.5,0.9922,3.15,0.47,10.0
4599,6.5,0.16,0.33,1.0,0.027,23.0,75.0,0.9908,3.3,0.39,11.4
241,7.7,0.31,0.26,7.8,0.031,23.0,90.0,0.9944,3.13,0.5,10.4
3400,7.7,0.46,0.18,3.3,0.054,18.0,143.0,0.99392,3.12,0.51,10.8
1711,7.0,0.2,0.3,6.1,0.037,31.0,120.0,0.9939,3.24,0.51,10.8
3828,6.3,0.4,0.24,5.1,0.036,43.0,131.0,0.99186,3.24,0.44,11.3
79,6.7,0.54,0.28,5.4,0.06,21.0,105.0,0.9949,3.27,0.37,9.0
3322,5.7,0.26,0.3,1.8,0.039,30.0,105.0,0.98995,3.48,0.52,12.5
4326,7.4,0.38,0.34,8.3,0.052,44.0,168.0,0.99627,3.11,0.52,9.2
3754,5.4,0.46,0.15,2.1,0.026,29.0,130.0,0.98953,3.39,0.77,13.4
3480,6.5,0.3,0.27,4.0,0.038,37.0,97.0,0.99026,3.2,0.6,12.6
1818,6.0,0.26,0.29,1.0,0.032,27.0,96.0,0.9896,3.38,0.44,12.3
3013,7.0,0.13,0.37,12.85,0.042,36.0,105.0,0.99581,3.05,0.55,10.7
3873,7.6,0.37,0.51,11.7,0.094,58.0,181.0,0.99776,2.91,0.51,9.0
4842,6.2,0.28,0.57,1.0,0.043,50.0,92.0,0.99004,3.17,0.36,11.5
2640,7.4,0.2,0.37,1.2,0.028,28.0,89.0,0.99132,3.14,0.61,11.8
3081,6.2,0.25,0.54,7.0,0.046,58.0,176.0,0.99454,3.19,0.7,10.4
4156,6.3,0.34,0.52,6.3,0.047,63.0,186.0,0.99481,3.18,0.44,9.6
4098,6.6,0.21,0.34,5.6,0.046,30.0,140.0,0.99299,3.22,0.38,11.0
482,5.8,0.25,0.24,13.3,0.044,41.0,137.0,0.9972,3.34,0.42,9.5
3315,5.8,0.18,0.37,1.2,0.036,19.0,74.0,0.98853,3.09,0.49,12.7
3142,7.8,0.17,0.5,1.3,0.045,35.0,140.0,0.9904,3.16,0.4,12.0
4046,7.2,0.17,0.28,17.55,0.05,33.0,154.0,0.99971,2.94,0.43,9.0
1530,7.2,0.27,0.74,12.5,0.037,47.0,156.0,0.9981,3.04,0.44,8.7
1497,6.8,0.27,0.49,1.2,0.044,35.0,126.0,0.99,3.13,0.48,12.1
4089,6.8,0.27,0.24,4.6,0.098,36.0,127.0,0.99412,3.15,0.49,9.6
3303,6.3,0.22,0.34,5.0,0.032,36.0,93.0,0.99012,3.27,0.36,13.5
4717,4.8,0.225,0.38,1.2,0.074,47.0,130.0,0.99132,3.31,0.4,10.3
273,6.6,0.58,0.3,5.1,0.057,30.0,123.0,0.9949,3.24,0.38,9.0
2016,6.3,0.41,0.33,4.7,0.023,28.0,110.0,0.991,3.3,0.38,12.5
2587,5.1,0.14,0.25,0.7,0.039,15.0,89.0,0.9919,3.22,0.43,9.2
4117,6.2,0.35,0.2,18.1,0.069,33.0,158.0,0.99908,3.15,0.5,8.8
4532,5.8,0.12,0.21,1.3,0.056,35.0,121.0,0.9908,3.32,0.33,11.4
2094,6.6,0.22,0.53,15.1,0.052,22.0,136.0,0.9986,2.94,0.35,9.4
3678,7.2,0.23,0.25,18.8,0.085,19.0,111.0,1.00044,3.1,0.51,8.7
3304,6.0,0.32,0.3,1.9,0.033,41.0,142.0,0.98912,3.29,0.42,12.8
3475,6.2,0.36,0.45,10.4,0.06,22.0,184.0,0.99711,3.31,0.56,9.8
4305,5.9,0.25,0.24,7.4,0.044,21.0,113.0,0.99462,3.38,0.58,10.5
91,6.1,0.27,0.43,7.5,0.049,65.0,243.0,0.9957,3.12,0.47,9.0
4454,6.6,0.18,0.26,17.3,0.051,17.0,149.0,0.9984,3.0,0.43,9.4
699,7.4,0.31,0.48,14.2,0.042,62.0,204.0,0.9983,3.06,0.59,9.4
2153,7.5,0.18,0.39,1.9,0.054,23.0,91.0,0.9941,3.27,0.45,10.3
3224,5.7,0.15,0.28,3.7,0.045,57.0,151.0,0.9913,3.22,0.27,11.2
196,6.4,0.29,0.44,3.6,0.197,75.0,183.0,0.9942,3.01,0.38,9.1
3607,6.8,0.14,0.18,1.4,0.047,30.0,90.0,0.99164,3.27,0.54,11.2
1480,7.2,0.08,0.49,1.3,0.05,18.0,148.0,0.9945,3.46,0.44,10.2
2058,7.3,0.29,0.37,8.3,0.044,45.0,227.0,0.9966,3.12,0.47,9.0
540,6.7,0.31,0.31,9.9,0.04,10.0,175.0,0.9953,3.46,0.55,11.4
1778,6.4,0.15,0.36,1.8,0.034,43.0,150.0,0.9922,3.42,0.69,11.0
1349,9.2,0.35,0.39,0.9,0.042,15.0,61.0,0.9924,2.96,0.28,10.4
2418,6.3,0.41,0.16,0.9,0.032,25.0,98.0,0.99274,3.16,0.42,9.5
2596,7.8,0.28,0.31,2.1,0.046,28.0,208.0,0.99434,3.23,0.64,9.8
1608,6.9,0.27,0.49,23.5,0.057,59.0,235.0,1.0024,2.98,0.47,8.6
4310,5.6,0.225,0.24,9.8,0.054,59.0,140.0,0.99545,3.17,0.39,10.2
1832,7.7,0.44,0.24,11.2,0.031,41.0,167.0,0.9948,3.12,0.43,11.3
1238,7.1,0.44,0.37,2.7,0.041,35.0,128.0,0.9896,3.07,0.43,13.5
4198,7.9,0.36,0.53,12.9,0.049,63.0,139.0,0.99792,2.94,0.45,9.1
1645,7.5,0.24,0.49,9.4,0.048,50.0,149.0,0.9962,3.17,0.59,10.5
1391,6.2,0.16,0.47,1.4,0.029,23.0,81.0,0.99,3.26,0.42,12.2
4167,6.3,0.17,0.32,1.0,0.04,39.0,118.0,0.98886,3.31,0.4,13.1
3865,6.0,0.31,0.38,4.8,0.04,41.0,101.0,0.98968,3.24,0.56,13.1
1208,6.3,0.21,0.4,1.7,0.031,48.0,134.0,0.9917,3.42,0.49,11.5
434,7.0,0.23,0.36,7.1,0.028,31.0,104.0,0.9922,3.35,0.47,12.1
4133,5.7,0.25,0.27,11.5,0.04,24.0,120.0,0.99411,3.33,0.31,10.8
2926,5.2,0.155,0.33,1.6,0.028,13.0,59.0,0.98975,3.3,0.84,11.9
2521,6.5,0.18,0.33,1.4,0.029,35.0,138.0,0.99114,3.36,0.6,11.5
4586,5.4,0.29,0.38,1.2,0.029,31.0,132.0,0.98895,3.28,0.36,12.4
134,6.8,0.27,0.22,8.1,0.034,55.0,203.0,0.9961,3.19,0.52,8.9
3699,7.6,0.3,0.37,1.6,0.087,27.0,177.0,0.99438,3.09,0.5,9.8
4439,7.2,0.47,0.16,5.9,0.048,14.0,125.0,0.99428,3.09,0.49,9.8
2083,9.4,0.3,0.32,10.7,0.029,14.0,111.0,0.9958,2.85,0.42,10.6
4684,6.0,0.24,0.34,1.0,0.036,52.0,184.0,0.99097,3.44,0.44,11.45
3570,6.9,0.26,0.27,4.2,0.031,20.0,80.0,0.99089,3.12,0.39,11.5
3889,6.2,0.27,0.26,12.1,0.046,43.0,127.0,0.9951,3.16,0.37,10.8
2861,6.4,0.21,0.28,5.9,0.047,29.0,101.0,0.99278,3.15,0.4,11.0
4400,7.4,0.27,0.26,11.8,0.053,55.0,173.0,0.99699,3.11,0.6,9.8
2265,6.9,0.3,0.21,15.7,0.056,49.0,159.0,0.99827,3.11,0.48,9.0
1143,7.2,0.24,0.3,1.6,0.048,27.0,131.0,0.9933,3.25,0.45,10.5
1146,9.1,0.27,0.32,1.1,0.031,15.0,151.0,0.9936,3.03,0.41,10.6
1123,9.8,0.36,0.45,1.6,0.042,11.0,124.0,0.9944,2.93,0.46,10.8
2159,6.3,0.24,0.37,1.8,0.031,6.0,61.0,0.9897,3.3,0.34,12.2
3281,6.5,0.32,0.3,2.3,0.051,20.0,127.0,0.98964,3.13,0.52,12.8
2858,6.9,0.33,0.26,5.0,0.027,46.0,143.0,0.9924,3.25,0.43,11.2
4186,7.6,0.27,0.32,1.2,0.043,23.0,72.0,0.99236,3.06,0.68,10.5
2828,6.4,0.14,0.31,1.2,0.034,53.0,138.0,0.99084,3.38,0.35,11.5
3131,6.3,0.35,0.26,17.6,0.061,59.0,198.0,0.99918,3.11,0.49,8.8
896,6.8,0.18,0.28,8.7,0.047,52.0,242.0,0.9952,3.22,0.53,10.5
1763,7.3,0.21,0.3,10.9,0.037,18.0,112.0,0.997,3.4,0.5,9.6
4779,6.0,0.59,0.0,0.8,0.037,30.0,95.0,0.99032,3.1,0.4,10.9
4080,5.7,0.25,0.27,10.8,0.05,58.0,116.0,0.99592,3.1,0.5,9.8
4768,6.8,0.27,0.3,13.0,0.047,69.0,160.0,0.99705,3.16,0.5,9.6
1973,7.5,0.26,0.26,18.35,0.084,33.0,139.0,1.0011,3.17,0.39,8.8
2674,7.2,0.35,0.25,5.6,0.032,23.0,120.0,0.99334,2.93,0.66,10.3
30,8.5,0.24,0.39,10.4,0.044,20.0,142.0,0.9974,3.2,0.53,10.0
4141,6.8,0.28,0.29,11.9,0.052,51.0,149.0,0.99544,3.02,0.58,10.4
1060,8.0,0.26,0.36,2.0,0.054,30.0,121.0,0.992,3.09,0.72,11.6
862,4.8,0.34,0.0,6.5,0.028,33.0,163.0,0.9939,3.36,0.61,9.9
1955,6.4,0.29,0.28,11.1,0.063,66.0,169.0,0.9973,2.89,0.57,9.0
1008,6.6,0.22,0.37,1.2,0.059,45.0,199.0,0.993,3.37,0.55,10.3
1221,5.9,0.4,0.32,6.0,0.034,50.0,127.0,0.992,3.51,0.58,12.5
2829,7.1,0.26,0.32,16.2,0.044,31.0,170.0,0.99644,3.17,0.37,11.2
1354,7.8,0.13,0.3,1.8,0.04,43.0,179.0,0.9955,3.43,0.41,9.0
1717,6.8,0.27,0.32,1.5,0.044,19.0,142.0,0.9921,3.1,0.43,9.9
1021,8.6,0.2,0.42,1.5,0.041,35.0,125.0,0.9925,3.11,0.49,11.4
3351,6.0,0.22,0.28,1.1,0.034,47.0,90.0,0.98862,3.22,0.38,12.6
3085,8.5,0.23,0.4,9.9,0.036,24.0,88.0,0.9951,3.02,0.42,10.5
1481,6.6,0.25,0.24,1.7,0.048,26.0,124.0,0.9942,3.37,0.6,10.1
630,7.0,0.23,0.42,18.05,0.05,35.0,144.0,0.9999,3.22,0.42,8.8
1584,6.4,0.25,0.74,7.8,0.045,52.0,209.0,0.9956,3.21,0.42,9.2
49,6.9,0.19,0.35,5.0,0.067,32.0,150.0,0.995,3.36,0.48,9.8
3266,8.1,0.24,0.32,10.5,0.03,34.0,105.0,0.99407,3.11,0.42,11.8
4891,5.7,0.21,0.32,0.9,0.038,38.0,121.0,0.99074,3.24,0.46,10.6
3242,7.0,0.29,0.35,1.4,0.036,42.0,109.0,0.99119,3.31,0.62,11.6
4882,5.5,0.32,0.13,1.3,0.037,45.0,156.0,0.99184,3.26,0.38,10.7
4597,6.7,0.66,0.0,13.0,0.033,32.0,75.0,0.99551,3.15,0.5,10.7
2007,5.6,0.18,0.31,1.5,0.038,16.0,84.0,0.9924,3.34,0.58,10.1
1649,6.9,0.26,0.49,1.6,0.058,39.0,166.0,0.9965,3.65,0.52,9.4
4702,6.4,0.69,0.09,7.6,0.044,34.0,144.0,0.9948,3.26,0.38,10.1
2519,6.3,0.24,0.55,8.1,0.04,67.0,216.0,0.99596,3.24,0.5,9.2
259,5.8,0.36,0.38,0.9,0.037,3.0,75.0,0.9904,3.28,0.34,11.4
4380,5.7,0.31,0.29,7.3,0.05,33.0,143.0,0.99332,3.31,0.5,11.0666666666667
410,7.2,0.25,0.39,18.95,0.038,42.0,155.0,0.9999,2.97,0.47,9.0
978,7.7,0.28,0.33,6.7,0.037,32.0,155.0,0.9951,3.39,0.62,10.7
3267,5.8,0.23,0.2,2.0,0.043,39.0,154.0,0.99226,3.21,0.39,10.2
1522,6.9,0.21,0.49,1.4,0.041,15.0,164.0,0.9927,3.25,0.63,11.0
2979,6.7,0.36,0.26,7.9,0.034,39.0,123.0,0.99119,2.99,0.3,12.2
549,7.2,0.46,0.65,10.4,0.05,76.0,192.0,0.9976,3.16,0.42,8.7
205,6.4,0.21,0.5,11.6,0.042,45.0,153.0,0.9972,3.15,0.43,8.8
697,7.5,0.31,0.51,14.8,0.039,62.0,204.0,0.9982,3.06,0.6,9.5
2373,7.6,0.48,0.37,1.2,0.034,5.0,57.0,0.99256,3.05,0.54,10.4
3879,6.8,0.73,0.2,6.6,0.054,25.0,65.0,0.99324,3.12,0.28,11.1
125,6.7,0.19,0.36,1.1,0.026,63.0,143.0,0.9912,3.27,0.48,11.0
3514,7.7,0.38,0.23,10.8,0.03,28.0,95.0,0.99164,2.93,0.41,13.6
632,6.9,0.24,0.33,4.8,0.04,16.0,131.0,0.9936,3.26,0.64,10.7
4754,6.4,0.19,0.35,10.2,0.043,40.0,106.0,0.99632,3.16,0.5,9.7
1979,7.5,0.38,0.5,12.8,0.042,57.0,184.0,0.9984,3.09,0.46,9.0
3094,9.7,0.24,0.49,4.9,0.032,3.0,18.0,0.99368,2.85,0.54,10.0
55,6.9,0.25,0.35,1.3,0.039,29.0,191.0,0.9908,3.13,0.52,11.0
3893,7.0,0.34,0.1,3.5,0.044,17.0,63.0,0.9937,3.01,0.39,9.2
4076,7.4,0.37,0.26,9.6,0.05,33.0,134.0,0.99608,3.13,0.46,10.4
1642,7.3,0.19,0.49,15.55,0.058,50.0,134.0,0.9998,3.42,0.36,9.1
731,6.2,0.25,0.48,10.0,0.044,78.0,240.0,0.99655,3.25,0.47,9.5
1945,8.1,0.26,0.3,7.8,0.049,39.0,152.0,0.9954,2.99,0.58,10.0
2195,6.8,0.25,0.18,1.4,0.056,13.0,137.0,0.9935,3.11,0.42,9.5
899,6.8,0.18,0.28,8.5,0.047,52.0,242.0,0.9952,3.22,0.53,10.5
279,7.0,0.3,0.49,4.7,0.036,17.0,105.0,0.9916,3.26,0.68,12.4
3782,7.6,0.27,0.3,9.2,0.018,23.0,96.0,0.9938,3.08,0.29,11.0
1022,6.8,0.19,0.32,7.05,0.019,54.0,188.0,0.9935,3.25,0.37,11.1
3729,7.5,0.28,0.41,1.3,0.044,11.0,126.0,0.99293,3.28,0.45,10.3
1226,7.2,0.23,0.39,2.3,0.033,29.0,102.0,0.9908,3.26,0.54,12.3
4347,7.1,0.23,0.3,2.6,0.034,62.0,148.0,0.99121,3.03,0.56,11.3
1931,7.1,0.49,0.22,2.0,0.047,146.5,307.5,0.9924,3.24,0.37,11.0
644,6.4,0.24,0.29,11.4,0.051,32.0,166.0,0.9968,3.31,0.45,9.5
528,5.2,0.36,0.02,1.6,0.031,24.0,104.0,0.9896,3.44,0.35,12.2
1883,7.7,0.3,0.42,14.3,0.045,45.0,213.0,0.9991,3.18,0.63,9.2
3167,5.6,0.28,0.4,6.1,0.034,36.0,118.0,0.99144,3.21,0.43,12.1
4874,5.6,0.2,0.36,2.5,0.048,16.0,125.0,0.99282,3.49,0.49,10.0
4523,6.7,0.18,0.25,14.3,0.048,79.0,149.0,0.9975,3.12,0.37,9.7
757,6.8,0.22,0.37,15.2,0.051,68.0,178.0,0.99935,3.4,0.85,9.3
4530,7.3,0.28,0.54,12.9,0.049,62.0,162.5,0.9984,3.06,0.45,9.1
2084,7.9,0.17,0.32,1.6,0.053,47.0,150.0,0.9948,3.29,0.76,9.6
3122,5.6,0.18,0.27,1.7,0.03,31.0,103.0,0.98892,3.35,0.37,12.9
1325,7.7,0.32,0.48,2.3,0.04,28.0,114.0,0.9911,3.2,0.52,12.8
1487,6.7,0.25,0.74,19.4,0.054,44.0,169.0,1.0004,3.51,0.45,9.8
947,8.5,0.16,0.35,1.6,0.039,24.0,147.0,0.9935,2.96,0.36,10.0
1168,7.2,0.2,0.38,1.0,0.037,21.0,74.0,0.9918,3.21,0.37,11.0
855,7.4,0.2,0.35,2.1,0.038,30.0,116.0,0.9949,3.49,0.77,10.3
1839,7.0,0.19,0.23,5.7,0.123,27.0,104.0,0.9954,3.04,0.54,9.4
2580,7.7,0.3,0.26,18.95,0.053,36.0,174.0,0.99976,3.2,0.5,10.4
3202,5.6,0.42,0.34,2.4,0.022,34.0,97.0,0.98915,3.22,0.38,12.8
2021,6.3,0.21,0.28,1.5,0.051,46.0,142.0,0.9928,3.23,0.42,10.1
3380,6.5,0.28,0.34,3.6,0.04,29.0,121.0,0.99111,3.28,0.48,12.1
2877,6.5,0.15,0.55,5.9,0.045,75.0,162.0,0.99482,2.97,0.4,9.3
3451,6.6,0.21,0.29,5.35,0.029,43.0,106.0,0.99112,2.93,0.43,11.5
2052,6.8,0.21,0.27,18.15,0.042,41.0,146.0,1.0001,3.3,0.36,8.7
1093,8.4,0.17,0.31,6.7,0.038,29.0,132.0,0.9945,3.1,0.32,10.6
3523,6.0,0.23,0.15,9.7,0.048,101.0,207.0,0.99571,3.05,0.3,9.1
4231,7.5,0.35,0.37,2.5,0.066,29.0,89.0,0.98964,3.14,0.42,12.7
1385,6.2,0.33,0.29,1.3,0.042,26.0,138.0,0.9956,3.77,0.64,9.5
729,6.0,0.33,0.27,0.8,0.185,12.0,188.0,0.9924,3.12,0.62,9.4
151,7.6,0.18,0.46,10.2,0.055,58.0,135.0,0.9968,3.14,0.43,9.9
3474,6.5,0.22,0.19,1.1,0.064,36.0,191.0,0.99297,3.05,0.5,9.5
1407,7.1,0.19,0.28,3.6,0.033,16.0,78.0,0.993,2.91,0.78,11.4
1199,7.4,0.25,0.37,6.9,0.02,14.0,93.0,0.9939,3.0,0.48,10.7
1184,7.9,0.46,0.32,4.1,0.033,40.0,138.0,0.9912,3.18,0.44,12.8
997,6.1,0.24,0.27,9.8,0.062,33.0,152.0,0.9966,3.31,0.47,9.5
363,7.3,0.22,0.37,14.3,0.063,48.0,191.0,0.9978,2.89,0.38,9.0
2851,7.3,0.23,0.34,9.3,0.052,19.0,86.0,0.99574,3.04,0.56,10.0
671,6.6,0.28,0.36,1.7,0.038,22.0,101.0,0.9912,3.29,0.57,11.6
2581,6.8,0.18,0.3,12.8,0.062,19.0,171.0,0.99808,3.0,0.52,9.0
3788,6.6,0.27,0.52,8.1,0.044,53.0,202.0,0.99548,3.18,0.48,9.5
619,7.4,0.19,0.3,1.4,0.057,33.0,135.0,0.993,3.12,0.5,9.6
1493,8.0,0.34,0.49,9.0,0.033,39.0,180.0,0.9936,3.13,0.38,12.3
317,6.6,0.24,0.35,7.7,0.031,36.0,135.0,0.9938,3.19,0.37,10.5
234,7.2,0.23,0.38,14.3,0.058,55.0,194.0,0.9979,3.09,0.44,9.0
2995,6.6,0.28,0.34,0.8,0.037,42.0,119.0,0.9888,3.03,0.37,12.5
4331,7.4,0.38,0.34,8.3,0.052,44.0,168.0,0.99627,3.11,0.52,9.2
1160,7.5,0.14,0.34,1.3,0.055,50.0,153.0,0.9945,3.29,0.8,9.6
4009,6.8,0.22,0.32,5.9,0.054,40.0,152.0,0.9938,3.2,0.57,10.8
336,6.3,0.23,0.33,1.5,0.036,15.0,105.0,0.991,3.32,0.42,11.2
4254,7.5,0.29,0.24,9.9,0.058,25.0,115.0,0.99567,3.15,0.46,10.9
320,6.0,0.1,0.24,1.1,0.041,15.0,65.0,0.9927,3.61,0.61,10.3
271,5.2,0.6,0.07,7.0,0.044,33.0,147.0,0.9944,3.33,0.58,9.7
1502,6.6,0.3,0.24,1.2,0.034,17.0,121.0,0.9933,3.13,0.36,9.2
1751,6.7,0.16,0.28,2.5,0.046,40.0,153.0,0.9921,3.38,0.51,11.4
4171,6.6,0.22,0.37,1.6,0.04,31.0,101.0,0.99009,3.15,0.66,12.0
2235,6.9,0.44,0.42,8.5,0.048,10.0,147.0,0.9974,3.32,0.46,9.5
1876,8.0,0.19,0.3,2.0,0.053,48.0,140.0,0.994,3.18,0.49,9.6
4578,4.8,0.13,0.32,1.2,0.042,40.0,98.0,0.9898,3.42,0.64,11.8
3818,5.1,0.35,0.26,6.8,0.034,36.0,120.0,0.99188,3.38,0.4,11.5
2553,6.3,0.13,0.42,1.1,0.043,63.0,146.0,0.99066,3.13,0.72,11.2
2096,6.8,0.32,0.34,6.0,0.05,5.0,129.0,0.9953,3.19,0.4,9.1
1243,7.1,0.44,0.37,2.7,0.041,35.0,128.0,0.9896,3.07,0.43,13.5
890,5.0,0.31,0.0,6.4,0.046,43.0,166.0,0.994,3.3,0.63,9.9
4498,6.8,0.2,0.25,6.2,0.052,22.0,106.0,0.9935,3.09,0.54,10.8
3359,6.5,0.43,0.28,11.25,0.032,31.0,87.0,0.9922,3.02,0.38,12.4
2236,7.1,0.28,0.19,7.8,0.04,48.0,184.0,0.99579,3.16,0.5,9.4
4606,6.9,0.29,0.32,5.8,0.04,16.0,112.0,0.993,3.04,0.58,11.2
4064,5.5,0.28,0.21,1.6,0.032,23.0,85.0,0.99027,3.42,0.42,12.5
3991,6.9,0.2,0.41,1.1,0.06,36.0,104.0,0.99317,2.99,0.39,9.2
707,7.2,0.18,0.45,4.4,0.046,57.0,166.0,0.9943,3.13,0.62,11.2
1231,7.9,0.41,0.37,4.5,0.03,40.0,114.0,0.992,3.17,0.54,12.4
3388,8.8,0.39,0.35,1.8,0.096,22.0,80.0,0.99016,2.95,0.54,12.6
3832,6.8,0.31,0.19,3.5,0.086,30.0,130.0,0.993,2.83,0.44,9.6
3361,6.4,0.17,0.27,9.9,0.047,26.0,101.0,0.99596,3.34,0.5,9.9
2849,7.7,0.43,0.37,10.0,0.169,22.0,210.0,0.99776,3.02,0.64,9.5
1913,8.3,0.23,0.3,2.1,0.049,21.0,153.0,0.9953,3.09,0.5,9.6
2637,8.7,0.31,0.73,14.35,0.044,27.0,191.0,1.00013,2.96,0.88,8.7
3256,7.4,0.19,0.31,14.5,0.045,39.0,193.0,0.9986,3.1,0.5,9.2
2963,7.5,0.38,0.29,4.9,0.021,38.0,113.0,0.99026,3.08,0.48,13.0
2548,6.3,0.26,0.42,7.1,0.045,62.0,209.0,0.99544,3.2,0.53,9.5
3765,6.9,0.4,0.17,12.9,0.033,59.0,186.0,0.99754,3.08,0.49,9.4
1921,7.6,0.13,0.34,9.3,0.062,40.0,126.0,0.9966,3.21,0.39,9.6
4363,7.1,0.31,0.25,11.2,0.048,32.0,136.0,0.99663,3.14,0.4,9.5
3658,5.8,0.275,0.3,5.4,0.043,41.0,149.0,0.9926,3.33,0.42,10.8
553,7.0,0.3,0.51,13.6,0.05,40.0,168.0,0.9976,3.07,0.52,9.6
3149,7.2,0.32,0.4,8.7,0.038,45.0,154.0,0.99568,3.2,0.47,10.4
3078,7.1,0.28,0.35,3.5,0.028,35.0,91.0,0.99022,2.96,0.33,12.1
2538,5.9,0.28,0.14,8.6,0.032,30.0,142.0,0.99542,3.28,0.44,9.5
3323,7.1,0.17,0.31,1.6,0.037,15.0,103.0,0.991,3.14,0.5,12.0
1785,8.5,0.21,0.26,9.25,0.034,73.0,142.0,0.9945,3.05,0.37,11.4
2134,6.8,0.26,0.32,7.0,0.041,38.0,118.0,0.9939,3.25,0.52,10.8
879,6.9,0.12,0.36,2.2,0.037,18.0,111.0,0.9919,3.41,0.82,11.9
4420,6.6,0.22,0.23,17.3,0.047,37.0,118.0,0.99906,3.08,0.46,8.8
1037,7.1,0.47,0.24,6.0,0.044,11.0,77.0,0.9956,3.21,0.56,9.7
829,7.1,0.16,0.36,1.2,0.043,21.0,90.0,0.9925,3.16,0.42,11.0
4327,6.4,0.24,0.26,8.2,0.054,47.0,182.0,0.99538,3.12,0.5,9.5
2224,8.0,0.45,0.28,10.8,0.051,25.0,157.0,0.9957,3.06,0.47,11.4
2773,7.6,0.39,0.32,3.6,0.035,22.0,93.0,0.99144,3.08,0.6,12.5
4287,7.6,0.28,0.17,1.6,0.046,28.0,117.0,0.99288,3.08,0.43,10.0
3524,5.3,0.36,0.27,6.3,0.028,40.0,132.0,0.99186,3.37,0.4,11.6
4856,7.1,0.23,0.39,13.7,0.058,26.0,172.0,0.99755,2.9,0.46,9.0
4189,6.4,0.21,0.21,5.1,0.097,21.0,105.0,0.9939,3.07,0.46,9.6
1922,7.0,0.12,0.19,4.9,0.055,27.0,127.0,0.9953,3.29,0.41,9.4
3144,6.2,0.23,0.36,17.2,0.039,37.0,130.0,0.99946,3.23,0.43,8.8
252,6.9,0.4,0.56,11.2,0.043,40.0,142.0,0.9975,3.14,0.46,8.7
4285,6.0,0.2,0.26,6.8,0.049,22.0,93.0,0.9928,3.15,0.42,11.0
3561,7.0,0.48,0.12,4.5,0.05,23.0,86.0,0.99398,2.86,0.35,9.0
3999,6.4,0.24,0.49,5.8,0.053,25.0,120.0,0.9942,3.01,0.98,10.5
3201,7.9,0.34,0.44,6.5,0.027,47.0,126.0,0.99124,2.96,0.37,12.5
722,6.9,0.31,0.34,1.6,0.032,23.0,128.0,0.9917,3.37,0.47,11.7
3700,7.0,0.3,0.27,1.5,0.076,24.0,145.0,0.99344,3.1,0.52,10.1
4618,6.1,0.44,0.28,4.25,0.032,43.0,132.0,0.9916,3.26,0.47,11.3
146,5.6,0.16,0.27,1.4,0.044,53.0,168.0,0.9918,3.28,0.37,10.1
4245,7.6,0.35,0.47,13.3,0.037,42.0,116.0,0.99822,3.04,0.5,9.2
3537,6.2,0.27,0.47,1.2,0.146,28.0,105.0,0.99224,3.23,0.51,10.1
839,7.5,0.34,0.35,6.0,0.034,12.0,126.0,0.9924,3.16,0.39,12.0
2990,5.0,0.27,0.32,4.5,0.032,58.0,178.0,0.98956,3.45,0.31,12.6
2126,6.5,0.43,0.28,12.0,0.056,23.0,174.0,0.9986,3.31,0.55,9.3
976,6.6,0.13,0.3,4.9,0.058,47.0,131.0,0.9946,3.51,0.45,10.3
1331,6.8,0.15,0.32,8.8,0.058,24.0,110.0,0.9972,3.4,0.4,8.8
3288,6.6,0.2,0.14,4.4,0.184,35.0,168.0,0.99396,2.93,0.45,9.4
4687,6.7,0.16,0.32,12.5,0.035,18.0,156.0,0.99666,2.88,0.36,9.0
420,7.0,0.22,0.31,2.7,0.03,41.0,136.0,0.9898,3.16,0.37,12.7
4561,6.0,0.26,0.26,2.2,0.035,10.0,72.0,0.989465,3.11,0.48,12.15
4015,6.2,0.32,0.12,4.8,0.054,6.0,97.0,0.99424,3.16,0.5,9.3
4540,5.8,0.28,0.3,3.9,0.026,36.0,105.0,0.98963,3.26,0.58,12.75
2676,7.6,0.1,0.33,1.0,0.031,33.0,93.0,0.99094,3.06,0.68,11.2
4052,6.2,0.24,0.22,7.9,0.053,45.0,149.0,0.99545,3.23,0.52,9.3
3269,6.6,0.38,0.36,9.2,0.061,42.0,214.0,0.9976,3.31,0.56,9.4
4373,6.1,0.26,0.28,1.7,0.043,24.0,98.0,0.98918,3.14,0.44,12.5
772,6.6,0.21,0.6,1.1,0.135,61.0,144.0,0.9927,3.12,0.39,9.3
4279,6.2,0.24,0.27,16.8,0.04,48.0,129.0,0.99691,3.23,0.38,10.5
4558,5.9,0.21,0.23,7.9,0.033,22.0,130.0,0.9944,3.38,0.59,10.9
3063,6.2,0.25,0.54,7.0,0.046,58.0,176.0,0.99454,3.19,0.7,10.4
3392,6.7,0.38,0.26,9.55,0.036,35.0,91.0,0.9919,2.98,0.37,12.4
3427,5.8,0.24,0.26,10.05,0.039,63.0,162.0,0.99375,3.33,0.5,11.2
4630,5.7,0.25,0.32,12.2,0.041,43.0,127.0,0.99524,3.23,0.53,10.4
2835,6.3,0.25,0.22,3.3,0.048,41.0,161.0,0.99256,3.16,0.5,10.5
385,5.1,0.33,0.22,1.6,0.027,18.0,89.0,0.9893,3.51,0.38,12.5
2324,6.9,0.3,0.21,7.2,0.045,54.0,190.0,0.99595,3.22,0.48,9.4
4294,7.4,0.22,0.28,9.0,0.046,22.0,121.0,0.99468,3.1,0.55,10.8
2790,7.1,0.2,0.31,6.85,0.053,32.0,211.0,0.99587,3.31,0.59,10.4
970,5.1,0.42,0.01,1.5,0.017,25.0,102.0,0.9894,3.38,0.36,12.3
996,6.0,0.26,0.34,1.3,0.046,6.0,29.0,0.9924,3.29,0.63,10.4
3083,5.8,0.31,0.32,4.5,0.024,28.0,94.0,0.98906,3.25,0.52,13.7
2745,6.7,0.44,0.22,4.3,0.032,19.0,99.0,0.99015,3.26,0.53,12.8
1122,6.6,0.25,0.39,1.45,0.04,40.0,89.0,0.9911,3.35,0.4,11.4
568,6.1,0.26,0.51,2.2,0.05,61.0,154.0,0.9929,3.08,0.6,9.8
1116,5.9,0.415,0.13,1.4,0.04,11.0,64.0,0.9922,3.29,0.52,10.5
3796,6.6,0.13,0.29,13.9,0.056,33.0,95.0,0.99702,3.17,0.39,9.4
3579,7.4,0.25,0.28,7.25,0.028,14.0,78.0,0.99238,2.94,0.37,11.5
694,7.6,0.29,0.58,17.5,0.041,51.0,225.0,0.9997,3.16,0.66,9.5
1529,6.6,0.21,0.49,18.15,0.042,41.0,158.0,0.9997,3.28,0.39,8.7
824,8.4,0.18,0.42,5.1,0.036,7.0,77.0,0.9939,3.16,0.52,11.7
2966,6.6,0.23,0.3,14.9,0.051,33.0,118.0,0.99835,3.04,0.54,9.0
4281,5.7,0.26,0.24,17.8,0.059,23.0,124.0,0.99773,3.3,0.5,10.1
3254,7.1,0.38,0.4,2.2,0.042,54.0,201.0,0.99177,3.03,0.5,11.4
3545,7.3,0.2,0.29,19.5,0.039,69.0,237.0,1.00037,3.1,0.48,9.2
3101,7.0,0.26,0.34,10.9,0.038,25.0,84.0,0.99432,3.11,0.34,10.9
1310,5.2,0.365,0.08,13.5,0.041,37.0,142.0,0.997,3.46,0.39,9.9
4459,5.9,0.22,0.18,6.4,0.041,28.0,120.0,0.99403,3.27,0.5,9.9
4676,6.5,0.25,0.32,9.9,0.045,41.0,128.0,0.99636,3.18,0.52,9.6
1445,8.3,0.2,0.74,4.45,0.044,33.0,130.0,0.9924,3.25,0.42,12.2
1949,6.7,0.31,0.44,6.7,0.054,29.0,160.0,0.9952,3.04,0.44,9.6
510,6.7,0.27,0.12,1.3,0.041,62.0,138.0,0.9921,3.21,0.42,10.0
4094,6.4,0.25,0.28,4.9,0.03,29.0,98.0,0.99024,3.09,0.58,12.8
260,6.9,0.115,0.35,5.4,0.048,36.0,108.0,0.9939,3.32,0.42,10.2
2889,8.4,0.36,0.36,11.1,0.032,21.0,132.0,0.99313,2.95,0.39,13.0
2112,6.5,0.22,0.25,17.1,0.05,44.0,138.0,1.0001,3.3,0.37,8.8
4769,6.8,0.27,0.3,13.0,0.047,69.0,160.0,0.99705,3.16,0.5,9.6
1800,7.6,0.3,0.22,10.2,0.049,57.0,191.0,0.9966,3.08,0.4,9.3
2310,6.8,0.21,0.55,14.6,0.053,34.0,159.0,0.99805,2.93,0.44,9.2
143,8.5,0.21,0.41,4.3,0.036,24.0,99.0,0.9947,3.18,0.53,9.7
593,6.4,0.45,0.07,1.1,0.03,10.0,131.0,0.9905,2.97,0.28,10.8
2956,8.1,0.12,0.38,0.9,0.034,36.0,86.0,0.99026,2.8,0.55,12.0
4818,6.0,0.27,0.4,1.7,0.021,18.0,82.0,0.9891,3.24,0.95,13.1333333333333
4329,6.4,0.23,0.26,8.1,0.054,47.0,181.0,0.9954,3.12,0.49,9.4
1888,7.2,0.24,0.4,17.85,0.049,50.0,185.0,1.0,3.34,0.42,9.6
4419,6.6,0.22,0.23,17.3,0.047,37.0,118.0,0.99906,3.08,0.46,8.8
2344,7.0,0.23,0.26,7.2,0.041,21.0,90.0,0.99509,3.22,0.55,9.5
3684,6.8,0.31,0.3,8.0,0.028,33.0,122.0,0.99164,3.13,0.63,12.6
4617,5.2,0.5,0.18,2.0,0.036,23.0,129.0,0.98949,3.36,0.77,13.4
611,7.4,0.24,0.4,4.3,0.032,9.0,95.0,0.992,3.09,0.39,11.1
204,5.8,0.28,0.35,2.3,0.053,36.0,114.0,0.9924,3.28,0.5,10.2
4610,5.9,0.44,0.36,2.5,0.03,12.0,73.0,0.99201,3.22,0.48,10.8
1827,7.3,0.19,0.24,6.3,0.054,34.0,231.0,0.9964,3.36,0.54,10.0
2688,7.2,0.19,0.27,11.2,0.061,46.0,149.0,0.99772,2.99,0.59,9.3
4451,6.3,0.3,0.19,7.7,0.049,47.0,184.0,0.99514,3.22,0.48,9.5
457,7.1,0.21,0.27,8.6,0.056,26.0,111.0,0.9956,2.95,0.52,9.5
3921,7.3,0.36,0.34,14.8,0.057,46.0,173.0,0.99751,3.14,0.57,10.2
2332,6.3,0.4,0.32,10.6,0.049,38.0,209.0,0.9981,3.47,0.59,9.3
383,7.2,0.27,0.27,2.4,0.048,30.0,149.0,0.9936,3.1,0.51,9.2
3619,6.8,0.45,0.28,26.05,0.031,27.0,122.0,1.00295,3.06,0.42,10.6
3482,5.4,0.45,0.27,6.4,0.033,20.0,102.0,0.98944,3.22,0.27,13.4
1264,7.2,0.14,0.35,1.2,0.036,15.0,73.0,0.9938,3.46,0.39,9.9
2658,6.5,0.15,0.44,12.6,0.052,65.0,158.0,0.99688,3.26,0.7,10.3
2878,5.9,0.32,0.33,2.1,0.027,35.0,138.0,0.98945,3.37,0.42,12.7
743,5.9,0.26,0.25,12.5,0.034,38.0,152.0,0.9977,3.33,0.43,9.4
2132,7.1,0.22,0.32,16.9,0.056,49.0,158.0,0.9998,3.37,0.38,9.6
1070,8.0,0.37,0.32,1.6,0.04,32.0,166.0,0.992,3.0,0.55,11.3
3293,6.8,0.17,0.35,1.8,0.04,29.0,84.0,0.98961,2.91,0.57,12.0
1514,7.4,0.19,0.49,9.3,0.03,26.0,132.0,0.994,2.99,0.32,11.0
4555,6.8,0.45,0.3,11.8,0.094,23.0,97.0,0.997,3.09,0.44,9.6
2389,6.8,0.46,0.26,2.7,0.042,28.0,83.0,0.99114,3.38,0.51,12.0
575,8.2,0.22,0.3,1.8,0.047,47.0,185.0,0.9933,3.13,0.5,10.2
1265,6.9,0.31,0.34,7.4,0.059,36.0,174.0,0.9963,3.46,0.62,11.1
3298,6.3,0.24,0.35,2.3,0.039,43.0,109.0,0.99056,3.34,0.44,11.8
2370,6.3,0.1,0.24,6.0,0.039,25.0,107.0,0.99511,3.59,0.49,10.5
396,8.2,0.28,0.42,1.8,0.031,30.0,93.0,0.9917,3.09,0.39,11.4
2613,6.6,0.36,0.52,10.1,0.05,29.0,140.0,0.99628,3.07,0.4,9.4
3845,6.4,0.32,0.23,16.2,0.055,36.0,176.0,0.9986,3.26,0.54,9.1
790,7.7,0.34,0.28,11.0,0.04,31.0,117.0,0.99815,3.27,0.29,9.2
2463,7.0,0.26,0.26,10.8,0.039,37.0,184.0,0.99787,3.47,0.58,10.3
3886,6.8,0.33,0.31,7.4,0.045,34.0,143.0,0.99226,3.06,0.55,12.2
2255,7.3,0.21,0.21,1.6,0.046,35.0,133.0,0.99466,3.38,0.46,10.0
2738,6.9,0.615,0.42,12.0,0.067,24.0,131.0,0.99727,3.19,0.34,9.3
4589,5.4,0.29,0.38,1.2,0.029,31.0,132.0,0.98895,3.28,0.36,12.4
1017,7.6,0.16,0.44,1.4,0.043,25.0,109.0,0.9932,3.11,0.75,10.3
3974,6.5,0.29,0.52,7.9,0.049,35.0,192.0,0.99551,3.16,0.51,9.5
300,6.1,0.41,0.0,1.6,0.063,36.0,87.0,0.9914,3.27,0.67,10.8
578,6.5,0.28,0.29,2.7,0.038,26.0,107.0,0.9912,3.32,0.41,11.6
2679,7.6,0.18,0.28,7.1,0.041,29.0,110.0,0.99652,3.2,0.42,9.2
2395,7.0,0.27,0.29,3.9,0.059,28.0,199.0,0.9961,3.54,0.59,10.3
4763,5.3,0.4,0.25,3.9,0.031,45.0,130.0,0.99072,3.31,0.58,11.75
2028,8.9,0.21,0.34,7.1,0.037,33.0,150.0,0.9962,3.1,0.45,9.7
1175,6.4,0.25,0.41,8.6,0.042,57.0,173.0,0.9965,3.0,0.44,9.1
3069,7.0,0.53,0.43,6.1,0.029,6.0,76.0,0.99118,3.08,0.5,12.5
941,6.3,0.27,0.46,11.75,0.037,61.0,212.0,0.9971,3.25,0.53,9.5
339,6.6,0.18,0.35,1.5,0.049,49.0,141.0,0.9934,3.43,0.85,10.2
3107,7.7,0.25,0.49,2.5,0.047,31.0,169.0,0.99252,3.07,0.57,10.6
519,7.2,0.34,0.34,12.6,0.048,7.0,41.0,0.9942,3.19,0.4,11.7
889,6.5,0.3,0.32,2.0,0.044,34.0,90.0,0.99185,3.37,0.68,11.0
874,7.7,0.15,0.29,1.3,0.029,10.0,64.0,0.9932,3.35,0.39,10.1
3495,6.3,0.22,0.28,2.4,0.042,38.0,102.0,0.98998,3.14,0.37,11.6
4518,9.0,0.2,0.33,3.5,0.049,10.0,40.0,0.9944,3.14,0.36,9.8
2304,7.5,0.42,0.2,1.4,0.06,15.0,168.0,0.9944,3.06,0.4,9.4
3674,6.6,0.34,0.2,1.0,0.053,26.0,112.0,0.99336,3.32,0.55,9.1
4113,6.1,0.17,0.29,1.1,0.041,32.0,92.0,0.99036,3.26,0.57,11.2
3012,6.8,0.25,0.37,3.1,0.026,29.0,93.0,0.99035,3.14,0.45,12.2
4851,6.4,0.33,0.44,8.9,0.055,52.0,164.0,0.99488,3.1,0.48,9.6
1708,7.0,0.61,0.26,1.7,0.051,25.0,161.0,0.9946,3.36,0.6,10.6
3519,6.9,0.33,0.62,7.5,0.038,46.0,132.0,0.99143,3.23,0.43,13.4
1332,7.9,0.16,0.64,17.0,0.05,69.0,210.0,1.0004,3.15,0.51,9.3
3673,5.4,0.3,0.3,1.2,0.029,25.0,93.0,0.98742,3.31,0.4,13.6
17,6.2,0.66,0.48,1.2,0.029,29.0,75.0,0.9892,3.33,0.39,12.8
370,6.9,0.33,0.21,1.0,0.053,39.0,148.0,0.9927,3.12,0.45,9.4
480,6.7,0.47,0.34,8.9,0.043,31.0,172.0,0.9964,3.22,0.6,9.2
1080,6.8,0.15,0.33,4.7,0.059,31.0,118.0,0.9956,3.43,0.39,9.0
4315,6.7,0.41,0.24,5.4,0.035,33.0,115.0,0.9901,3.12,0.44,12.8933333333333
2752,7.1,0.43,0.3,6.6,0.025,15.0,138.0,0.99126,3.18,0.46,12.6
2700,6.5,0.46,0.31,5.0,0.027,15.0,72.0,0.99165,3.26,0.6,11.5
3693,6.8,0.31,0.3,8.0,0.028,33.0,122.0,0.99164,3.13,0.63,12.6
781,7.8,0.29,0.22,9.5,0.056,44.0,213.0,0.99715,3.08,0.61,9.3
805,7.8,0.27,0.58,11.2,0.036,44.0,161.0,0.9977,3.06,0.41,8.9
1298,7.3,0.34,0.39,5.2,0.04,45.0,163.0,0.9925,3.3,0.47,12.4
3630,6.6,0.3,0.25,8.0,0.036,21.0,124.0,0.99362,3.06,0.38,10.8
3894,5.9,0.435,0.16,6.4,0.031,21.0,134.0,0.99151,3.24,0.46,12.2
4128,6.6,0.33,0.32,15.6,0.054,62.0,227.0,0.99734,3.25,0.56,10.4
2271,6.7,0.25,0.26,13.5,0.06,50.0,156.0,0.99784,3.39,0.46,9.9
3171,7.3,0.2,0.39,2.3,0.048,24.0,87.0,0.99044,2.94,0.35,12.0
909,7.5,0.24,0.31,13.0,0.049,46.0,217.0,0.9985,3.08,0.53,8.8
2038,5.5,0.14,0.27,4.6,0.029,22.0,104.0,0.9949,3.34,0.44,9.0
413,7.2,0.19,0.39,1.2,0.036,32.0,85.0,0.9918,3.16,0.5,10.5
2391,6.5,0.24,0.29,8.2,0.043,32.0,156.0,0.99453,3.13,0.7,10.1
1333,7.8,0.21,0.39,1.8,0.034,62.0,180.0,0.991,3.09,0.75,12.6
1137,6.1,0.31,0.37,8.4,0.031,70.0,170.0,0.9934,3.42,0.4,11.7
1124,9.6,0.23,0.4,1.5,0.044,19.0,135.0,0.9937,2.96,0.49,10.9
327,6.4,0.34,0.23,6.3,0.039,37.0,143.0,0.9944,3.19,0.65,10.0
631,7.0,0.23,0.42,18.05,0.05,35.0,144.0,0.9999,3.22,0.42,8.8
3329,6.7,0.21,0.34,1.4,0.049,36.0,112.0,0.99091,3.02,0.5,11.0
349,7.6,0.17,0.45,11.2,0.054,56.0,137.0,0.997,3.15,0.47,10.0
1760,6.4,0.28,0.19,5.4,0.042,67.0,181.0,0.99435,3.31,0.35,10.2
1319,6.4,0.25,0.53,6.6,0.038,59.0,234.0,0.9955,3.03,0.42,8.8
1457,8.3,0.2,0.74,4.45,0.044,33.0,130.0,0.9924,3.25,0.42,12.2
1938,7.2,0.16,0.35,1.2,0.031,27.0,84.0,0.9928,3.33,0.34,9.9
779,8.1,0.17,0.44,14.1,0.053,43.0,145.0,1.0006,3.28,0.75,8.8
4093,6.6,0.41,0.27,10.7,0.11,20.0,103.0,0.99672,3.08,0.41,9.0
2960,7.7,0.11,0.34,14.05,0.04,41.0,114.0,0.99634,3.07,0.59,11.0
529,5.6,0.19,0.47,4.5,0.03,19.0,112.0,0.9922,3.56,0.45,11.2
1249,8.4,0.57,0.44,10.7,0.051,46.0,195.0,0.9981,3.15,0.51,10.4
3629,6.4,0.36,0.2,5.7,0.118,61.0,172.0,0.9946,3.24,0.43,9.5
2718,5.2,0.28,0.29,1.1,0.028,18.0,69.0,0.99168,3.24,0.54,10.0
2989,6.2,0.16,0.32,1.1,0.036,74.0,184.0,0.99096,3.22,0.41,11.0
4524,6.6,0.16,0.25,9.8,0.049,59.5,137.0,0.995,3.16,0.38,10.0
456,6.3,0.23,0.31,1.5,0.022,11.0,82.0,0.9892,3.3,0.4,12.9
1728,6.8,0.3,0.24,6.6,0.123,35.0,116.0,0.9953,3.07,0.48,9.4
2057,6.7,0.31,0.31,4.9,0.031,20.0,151.0,0.9926,3.36,0.82,12.0
3035,6.0,0.24,0.33,2.5,0.026,31.0,85.0,0.99014,3.13,0.5,11.3
4670,6.6,0.285,0.49,11.4,0.035,57.0,137.0,0.99732,3.08,0.54,8.9
1789,7.8,0.2,0.24,1.6,0.026,26.0,189.0,0.991,3.08,0.74,12.1
2650,7.0,0.34,0.39,6.9,0.066,43.0,162.0,0.99561,3.11,0.53,9.5
1881,7.2,0.2,0.61,16.2,0.043,14.0,103.0,0.9987,3.06,0.36,9.2
4024,6.0,0.28,0.27,4.1,0.046,50.0,147.0,0.99126,3.27,0.56,11.6
558,5.9,0.21,0.24,12.1,0.044,53.0,165.0,0.9969,3.25,0.39,9.5
2220,7.0,0.22,0.32,1.6,0.045,40.0,120.0,0.9914,2.98,0.44,10.5
2031,7.6,0.29,0.26,6.5,0.042,32.0,160.0,0.9944,3.14,0.47,10.7
3157,6.8,0.39,0.34,7.4,0.02,38.0,133.0,0.99212,3.18,0.44,12.0
1239,10.3,0.25,0.48,2.2,0.042,28.0,164.0,0.998,3.19,0.59,9.7
1301,6.9,0.2,0.4,7.7,0.032,51.0,176.0,0.9939,3.22,0.27,11.4
686,6.8,0.22,0.35,5.5,0.043,21.0,114.0,0.9938,3.3,0.53,10.7
3402,7.7,0.46,0.18,3.3,0.054,18.0,143.0,0.99392,3.12,0.51,10.8
4144,6.8,0.28,0.29,11.9,0.052,51.0,149.0,0.99544,3.02,0.58,10.4
4335,7.3,0.19,0.27,13.9,0.057,45.0,155.0,0.99807,2.94,0.41,8.8
69,7.4,0.24,0.29,10.1,0.05,21.0,105.0,0.9962,3.13,0.35,9.5
100,7.4,0.25,0.37,13.5,0.06,52.0,192.0,0.9975,3.0,0.44,9.1
321,6.6,0.24,0.35,7.7,0.031,36.0,135.0,0.9938,3.19,0.37,10.5
3141,5.9,0.33,0.32,8.1,0.038,9.0,34.0,0.9911,3.22,0.36,12.7
3212,6.4,0.24,0.32,0.95,0.041,23.0,131.0,0.99033,3.25,0.35,11.8
3448,6.7,0.47,0.29,4.75,0.034,29.0,134.0,0.99056,3.29,0.46,13.0
3045,5.7,0.12,0.26,5.5,0.034,21.0,99.0,0.99324,3.09,0.57,9.9
987,7.4,0.3,0.3,5.2,0.053,45.0,163.0,0.9941,3.12,0.45,10.3
2423,7.2,0.24,0.29,3.0,0.036,17.0,117.0,0.99411,3.36,0.68,10.1
2163,8.5,0.25,0.27,4.7,0.031,31.0,92.0,0.9922,3.01,0.33,12.0
3349,6.4,0.17,0.27,9.9,0.047,26.0,101.0,0.99596,3.34,0.5,9.9
3324,6.9,0.17,0.3,2.0,0.047,13.0,117.0,0.99152,3.16,0.51,11.6
4863,6.2,0.36,0.32,4.0,0.036,44.0,92.0,0.98936,3.2,0.5,13.3
2727,6.5,0.17,0.31,1.5,0.041,34.0,121.0,0.99092,3.06,0.46,10.5
1731,8.7,0.34,0.46,13.8,0.055,68.0,198.0,0.9988,3.36,0.37,9.5
3433,6.2,0.255,0.27,1.3,0.037,30.0,86.0,0.98834,3.05,0.59,12.9
3024,7.0,0.13,0.37,12.85,0.042,36.0,105.0,0.99581,3.05,0.55,10.7
1590,7.9,0.14,0.74,1.2,0.028,30.0,165.0,0.991,3.08,0.82,12.3
2323,7.6,0.2,0.34,1.8,0.041,42.0,148.0,0.99335,3.35,0.66,11.1
458,6.0,0.37,0.32,1.0,0.053,31.0,218.5,0.9924,3.29,0.72,9.8
4696,6.1,0.15,0.4,1.2,0.03,19.0,84.0,0.98926,3.19,0.96,13.0
4042,7.4,0.16,0.27,15.5,0.05,25.0,135.0,0.9984,2.9,0.43,8.7
1499,6.7,0.51,0.24,2.1,0.043,14.0,155.0,0.9904,3.22,0.6,13.0
138,6.8,0.19,0.36,1.9,0.035,30.0,96.0,0.9917,3.15,0.54,10.8
4577,6.3,0.15,0.34,11.4,0.05,25.0,96.0,0.99754,3.21,0.49,10.0
2476,6.8,0.29,0.49,1.4,0.142,52.0,148.0,0.9937,3.08,0.49,9.0
2648,6.6,0.23,0.29,14.45,0.057,29.0,144.0,0.99756,3.33,0.54,10.2
155,7.4,0.24,0.42,14.0,0.066,48.0,198.0,0.9979,2.89,0.42,8.9
4457,6.0,0.28,0.29,19.3,0.051,36.0,174.0,0.99911,3.14,0.5,9.0
3151,6.2,0.23,0.36,17.2,0.039,37.0,130.0,0.99946,3.23,0.43,8.8
1670,7.8,0.24,0.18,6.7,0.046,33.0,160.0,0.9963,3.2,0.56,9.8
1178,9.8,0.44,0.4,2.8,0.036,35.0,167.0,0.9956,2.97,0.39,9.2
2155,7.8,0.29,0.33,8.75,0.035,33.0,181.0,0.9962,3.11,0.46,10.7
1066,6.4,0.3,0.51,5.5,0.048,62.0,172.0,0.9942,3.08,0.45,9.1
4440,6.7,0.34,0.31,16.4,0.051,20.0,146.0,0.99834,3.06,0.54,9.1
2341,7.2,0.34,0.3,8.4,0.051,40.0,167.0,0.99756,3.48,0.62,9.7
4845,6.6,0.38,0.29,2.4,0.136,15.0,93.0,0.99336,3.18,0.6,9.5
2246,6.4,0.34,0.2,14.9,0.06,37.0,162.0,0.9983,3.13,0.45,9.0
515,6.1,0.31,0.26,2.2,0.051,28.0,167.0,0.9926,3.37,0.47,10.4
784,7.2,0.23,0.19,13.7,0.052,47.0,197.0,0.99865,3.12,0.53,9.0
649,7.1,0.26,0.34,14.4,0.067,35.0,189.0,0.9986,3.07,0.53,9.1
2933,6.9,0.22,0.31,6.3,0.029,41.0,131.0,0.99326,3.08,0.49,10.8
377,7.3,0.2,0.44,1.4,0.045,21.0,98.0,0.9924,3.15,0.46,10.0
670,7.8,0.42,0.26,9.2,0.058,34.0,199.0,0.9972,3.14,0.55,9.3
1860,6.7,0.18,0.19,4.7,0.046,57.0,161.0,0.9946,3.32,0.66,10.5
170,7.1,0.3,0.46,1.5,0.066,29.0,133.0,0.9906,3.12,0.54,12.7
4411,5.8,0.3,0.38,4.9,0.039,22.0,86.0,0.98963,3.23,0.58,13.1
1750,7.4,0.18,0.3,10.4,0.045,44.0,174.0,0.9966,3.11,0.57,9.7
4499,5.2,0.38,0.26,7.7,0.053,20.0,103.0,0.9925,3.27,0.45,12.2
3744,7.0,0.15,0.28,14.7,0.051,29.0,149.0,0.99792,2.96,0.39,9.0
3936,5.7,0.23,0.25,7.95,0.042,16.0,108.0,0.99486,3.44,0.61,10.3
3325,6.8,0.25,0.28,5.0,0.035,42.0,126.0,0.99048,3.12,0.38,12.6
2050,11.8,0.23,0.38,11.1,0.034,15.0,123.0,0.9997,2.93,0.55,9.7
1798,6.8,0.23,0.29,15.4,0.073,56.0,173.0,0.9984,3.06,0.41,8.7
1504,7.0,0.17,0.74,12.8,0.045,24.0,126.0,0.9942,3.26,0.38,12.2
1981,7.6,0.2,0.3,14.2,0.056,53.0,212.5,0.999,3.14,0.46,8.9
4875,7.4,0.22,0.26,1.2,0.035,18.0,97.0,0.99245,3.12,0.41,9.7
706,6.2,0.31,0.21,6.3,0.041,50.0,218.0,0.9941,3.15,0.6,10.0
893,7.0,0.31,0.29,1.4,0.037,33.0,128.0,0.9896,3.12,0.36,12.2
1287,8.3,0.21,0.4,1.6,0.032,35.0,110.0,0.9907,3.02,0.6,12.9
2546,6.7,0.5,0.38,7.5,0.046,26.0,175.0,0.99662,3.32,0.54,9.6
33,6.2,0.12,0.34,1.5,0.045,43.0,117.0,0.9939,3.42,0.51,9.0
3365,7.6,0.2,0.26,4.8,0.033,26.0,76.0,0.99076,2.98,0.49,12.3
573,7.2,0.2,0.34,2.7,0.032,49.0,151.0,0.99,3.16,0.39,12.7
2205,7.7,0.39,0.34,10.0,0.056,35.0,178.0,0.9974,3.26,0.6,10.2
1756,6.7,0.27,0.25,8.0,0.053,54.0,202.0,0.9961,3.22,0.43,9.3
2482,6.2,0.26,0.37,7.1,0.047,54.0,201.0,0.99523,3.19,0.48,9.5
2006,8.4,0.2,0.38,11.8,0.055,51.0,170.0,1.0004,3.34,0.82,8.9
3119,5.9,0.19,0.37,0.8,0.027,3.0,21.0,0.9897,3.09,0.31,10.8
1825,7.1,0.32,0.4,1.5,0.034,13.0,84.0,0.9944,3.42,0.6,10.4
2273,6.1,0.46,0.32,6.2,0.053,10.0,94.0,0.99537,3.35,0.47,10.1
3541,8.1,0.26,0.27,4.3,0.03,43.0,123.0,0.99212,3.16,0.33,11.2
1907,7.9,0.37,0.3,2.7,0.029,64.0,158.0,0.9916,3.12,0.59,12.0
1378,6.9,0.28,0.3,1.6,0.047,46.0,132.0,0.9918,3.35,0.38,11.1
3986,6.8,0.11,0.27,8.6,0.044,45.0,104.0,0.99454,3.2,0.37,9.9
1821,7.4,0.29,0.31,1.7,0.035,23.0,110.0,0.9926,3.07,0.38,10.9
1434,7.4,0.25,0.49,1.1,0.042,35.0,156.0,0.9917,3.13,0.55,11.3
3445,6.6,0.15,0.32,6.0,0.033,59.0,128.0,0.99192,3.19,0.71,12.1
980,6.0,0.19,0.71,1.5,0.152,9.0,55.0,0.9927,3.12,0.46,9.8
3084,6.6,0.17,0.35,2.6,0.03,33.0,78.0,0.99146,3.22,0.72,11.3
945,6.7,0.15,0.29,5.0,0.058,28.0,105.0,0.9946,3.52,0.44,10.2
1081,6.3,0.27,0.25,5.8,0.038,52.0,155.0,0.995,3.28,0.38,9.4
1,6.3,0.3,0.34,1.6,0.049,14.0,132.0,0.994,3.3,0.49,9.5
4073,6.5,0.36,0.16,1.3,0.054,11.0,107.0,0.99398,3.19,0.39,8.5
666,6.8,0.22,0.37,1.7,0.036,38.0,195.0,0.9908,3.35,0.72,12.5
4471,6.2,0.2,0.28,1.1,0.039,24.0,78.0,0.9899,3.36,0.47,12.1
4069,6.2,0.24,0.28,12.2,0.049,54.0,133.0,0.9952,3.19,0.37,10.7
2244,7.0,0.36,0.14,11.6,0.043,35.0,228.0,0.9977,3.13,0.51,8.9
1432,6.5,0.36,0.49,2.9,0.03,16.0,94.0,0.9902,3.1,0.49,12.1
3416,7.2,0.37,0.4,11.6,0.032,34.0,214.0,0.9963,3.1,0.51,9.8
2880,7.9,0.25,0.35,6.7,0.039,22.0,64.0,0.99362,2.93,0.49,10.7
1944,6.0,0.45,0.42,1.1,0.051,61.0,197.0,0.9932,3.02,0.4,9.0
991,8.2,0.26,0.44,1.3,0.046,7.0,69.0,0.9944,3.14,0.62,10.2
959,7.3,0.24,0.34,15.4,0.05,38.0,174.0,0.9983,3.03,0.42,9.0
4711,5.4,0.205,0.16,12.55,0.051,31.0,115.0,0.99564,3.4,0.38,10.8
1701,7.9,0.29,0.36,11.1,0.033,43.0,208.0,0.9969,3.14,0.46,10.3
3197,7.9,0.34,0.44,6.5,0.027,47.0,126.0,0.99124,2.96,0.37,12.5
4215,7.0,0.44,0.24,12.1,0.056,68.0,210.0,0.99718,3.05,0.5,9.5
67,6.7,0.25,0.13,1.2,0.041,81.0,174.0,0.992,3.14,0.42,9.8
883,7.4,0.26,0.43,6.0,0.022,22.0,125.0,0.9928,3.13,0.55,11.5
2054,8.6,0.485,0.29,4.1,0.026,19.0,101.0,0.9918,3.01,0.38,12.4
1304,8.0,0.59,0.71,17.35,0.038,61.0,228.0,1.0,2.95,0.75,9.3
2100,6.7,0.24,0.33,12.3,0.046,31.0,145.0,0.9983,3.36,0.4,9.5
2698,6.9,0.31,0.32,1.2,0.024,20.0,166.0,0.99208,3.05,0.54,9.8
3036,6.8,0.29,0.34,3.5,0.054,26.0,189.0,0.99489,3.42,0.58,10.4
4397,7.4,0.27,0.26,11.8,0.053,55.0,173.0,0.99699,3.11,0.6,9.8
2138,5.5,0.24,0.32,8.7,0.06,19.0,102.0,0.994,3.27,0.31,10.4
3857,5.4,0.17,0.27,2.7,0.049,28.0,104.0,0.99224,3.46,0.55,10.3
4118,6.5,0.43,0.31,3.6,0.046,19.0,143.0,0.99022,3.15,0.34,12.0
59,7.4,0.2,0.36,1.2,0.038,44.0,111.0,0.9926,3.36,0.34,9.9
4583,6.4,0.23,0.37,7.9,0.05,60.0,150.0,0.99488,2.86,0.49,9.3
1161,7.8,0.3,0.29,16.85,0.054,23.0,135.0,0.9998,3.16,0.38,9.0
200,6.8,0.27,0.26,16.1,0.049,55.0,196.0,0.9984,3.15,0.5,9.3
797,6.9,0.24,0.33,12.5,0.046,47.0,153.0,0.9983,3.28,0.77,9.6
2432,6.4,0.27,0.17,8.4,0.044,60.0,198.0,0.99578,3.21,0.47,9.4
2805,7.3,0.2,0.26,1.6,0.04,36.0,123.0,0.99238,3.34,0.44,10.8
266,6.9,0.32,0.26,8.3,0.053,32.0,180.0,0.9965,3.25,0.51,9.2
4132,7.4,0.31,0.26,8.6,0.048,47.0,206.0,0.9964,3.26,0.36,9.1
656,9.0,0.27,0.35,4.9,0.028,27.0,95.0,0.9932,3.04,0.4,11.3
2198,7.1,0.26,0.19,8.2,0.051,53.0,187.0,0.996,3.16,0.52,9.7
1072,8.2,0.29,0.33,9.1,0.036,28.0,118.0,0.9953,2.96,0.4,10.9
2261,6.5,0.36,0.31,4.1,0.061,20.0,134.0,0.99475,3.18,0.45,9.0
2869,6.0,0.17,0.29,5.0,0.028,25.0,108.0,0.99076,3.14,0.34,12.3
2635,8.2,0.32,0.26,2.1,0.062,26.0,87.0,0.98974,3.1,0.47,12.8
3038,6.5,0.23,0.45,2.1,0.027,43.0,104.0,0.99054,3.02,0.52,11.3
1431,6.1,0.22,0.49,1.5,0.051,18.0,87.0,0.9928,3.3,0.46,9.6
2376,7.2,0.2,0.3,2.0,0.039,43.0,188.0,0.9911,3.3,0.41,12.0
302,6.1,0.41,0.0,1.6,0.063,36.0,87.0,0.9914,3.27,0.67,10.8
2241,7.1,0.28,0.19,7.8,0.04,48.0,184.0,0.99579,3.16,0.5,9.4
881,8.8,0.36,0.44,1.9,0.04,9.0,121.0,0.9953,3.19,0.48,9.9
4120,7.4,0.28,0.5,12.1,0.049,48.0,122.0,0.9973,3.01,0.44,9.0
2499,6.9,0.26,0.31,7.0,0.039,37.0,175.0,0.99376,3.32,0.49,11.4
4603,5.0,0.33,0.18,4.6,0.032,40.0,124.0,0.99114,3.18,0.4,11.0
4525,5.8,0.13,0.22,12.7,0.058,24.0,183.0,0.9956,3.32,0.42,11.7
4864,6.0,0.41,0.23,1.1,0.066,22.0,148.0,0.99266,3.3,0.47,9.63333333333333
2458,7.8,0.32,0.33,10.4,0.031,47.0,194.0,0.99692,3.07,0.58,9.6
2024,8.0,0.43,0.4,12.4,0.168,29.0,190.0,0.9991,3.07,0.64,9.2
3680,6.8,0.15,0.41,12.9,0.044,79.5,183.0,0.99742,3.24,0.78,10.2
2211,6.9,0.21,0.33,1.4,0.056,35.0,136.0,0.9938,3.63,0.78,10.3
2762,7.3,0.32,0.35,1.4,0.05,8.0,163.0,0.99244,3.24,0.42,10.7
2544,6.9,0.32,0.3,1.8,0.036,28.0,117.0,0.99269,3.24,0.48,11.0
1761,8.0,0.3,0.28,5.7,0.044,31.0,124.0,0.9948,3.16,0.51,10.2
4819,5.7,0.4,0.35,5.1,0.026,17.0,113.0,0.99052,3.18,0.67,12.4
608,6.1,0.28,0.25,17.75,0.044,48.0,161.0,0.9993,3.34,0.48,9.5
4235,6.4,0.29,0.18,15.0,0.04,21.0,116.0,0.99736,3.14,0.5,9.2
1046,6.5,0.19,0.1,1.3,0.046,23.0,107.0,0.9937,3.29,0.45,10.0
444,6.9,0.24,0.36,20.8,0.031,40.0,139.0,0.9975,3.2,0.33,11.0
1811,7.6,0.38,0.2,3.4,0.046,9.0,116.0,0.9944,3.15,0.41,9.4
3646,7.2,0.33,0.22,4.5,0.031,10.0,73.0,0.99076,2.97,0.52,12.2
4567,5.8,0.28,0.66,9.1,0.039,26.0,159.0,0.9965,3.66,0.55,10.8
849,6.0,0.2,0.24,1.8,0.03,30.0,105.0,0.9909,3.31,0.47,11.5
2239,6.9,0.44,0.42,8.5,0.048,10.0,147.0,0.9974,3.32,0.46,9.5
2258,7.6,0.48,0.28,10.4,0.049,57.0,205.0,0.99748,3.24,0.45,9.3
1932,9.2,0.71,0.23,6.2,0.042,15.0,93.0,0.9948,2.89,0.34,10.1
322,6.8,0.25,0.34,4.7,0.031,34.0,134.0,0.9927,3.21,0.38,10.6
1678,6.2,0.3,0.2,6.6,0.045,42.0,170.0,0.9944,3.36,0.45,10.4
3987,7.3,0.23,0.41,14.6,0.048,73.0,223.0,0.99863,3.16,0.71,9.4
1702,6.5,0.27,0.19,4.2,0.046,6.0,114.0,0.9955,3.25,0.35,8.6
38,7.3,0.24,0.39,17.95,0.057,45.0,149.0,0.9999,3.21,0.36,8.6
4218,8.0,0.33,0.32,4.6,0.041,31.0,180.0,0.99184,2.92,0.74,12.2
4488,6.7,0.48,0.49,2.9,0.03,28.0,122.0,0.98926,3.13,0.4,13.0
1553,6.9,0.3,0.49,7.6,0.057,25.0,156.0,0.9962,3.43,0.63,11.0
662,7.0,0.57,0.1,8.3,0.094,23.0,188.0,0.9972,3.4,0.47,9.2
2355,7.6,0.48,0.33,7.0,0.024,14.0,130.0,0.9918,3.25,0.45,12.5
4783,6.7,0.3,0.5,12.1,0.045,38.0,127.0,0.9974,3.04,0.53,8.9
869,7.3,0.24,0.29,1.2,0.037,37.0,97.0,0.9926,3.19,0.7,10.1
3800,8.1,0.2,0.3,1.3,0.036,7.0,49.0,0.99242,2.99,0.73,10.3
1989,7.1,0.33,0.3,3.3,0.034,30.0,102.0,0.9912,3.08,0.31,12.3
3399,5.6,0.32,0.33,7.4,0.037,25.0,95.0,0.99268,3.25,0.49,11.1
3208,6.8,0.25,0.24,1.6,0.045,39.0,164.0,0.99402,3.53,0.58,10.8
3156,6.1,0.17,0.42,15.1,0.033,28.0,124.0,0.99684,2.87,0.47,9.5
1244,6.4,0.26,0.22,5.1,0.037,23.0,131.0,0.9944,3.29,0.32,10.1
3777,6.5,0.33,0.28,6.1,0.018,41.0,103.0,0.99122,3.24,0.32,12.2
3391,6.9,0.28,0.3,8.3,0.026,37.0,113.0,0.99139,2.99,0.38,12.3
2410,7.0,0.16,0.26,7.3,0.047,30.0,220.0,0.99622,3.38,0.58,10.1
4112,6.0,0.2,0.25,2.0,0.041,30.0,95.0,0.99078,3.27,0.56,11.1
4007,6.4,0.25,0.57,1.0,0.062,21.0,122.0,0.99238,3.0,0.4,9.5
860,8.1,0.27,0.35,1.7,0.03,38.0,103.0,0.99255,3.22,0.63,10.4
2421,6.8,0.26,0.43,11.75,0.045,53.0,198.0,0.9969,3.26,0.55,9.5
1604,6.7,0.41,0.01,2.8,0.048,39.0,137.0,0.9942,3.24,0.35,9.5
3377,7.0,0.4,0.25,1.8,0.05,51.0,189.0,0.99174,3.0,0.55,11.4
1130,6.9,0.2,0.28,1.2,0.048,36.0,159.0,0.9936,3.19,0.43,9.1
115,5.5,0.485,0.0,1.5,0.065,8.0,103.0,0.994,3.63,0.4,9.7
2396,8.4,0.3,0.25,17.75,0.047,25.0,218.0,1.00016,2.98,0.66,9.1
1085,7.3,0.31,0.69,10.2,0.041,58.0,160.0,0.9977,3.06,0.45,8.6
1459,7.9,0.11,0.49,4.5,0.048,27.0,133.0,0.9946,3.24,0.42,10.6
3350,7.2,0.22,0.28,7.2,0.06,41.0,132.0,0.9935,3.08,0.59,11.3
3836,8.0,0.27,0.33,1.2,0.05,41.0,103.0,0.99002,3.0,0.45,12.4
537,7.4,0.25,0.36,13.2,0.067,53.0,178.0,0.9976,3.01,0.48,9.0
2631,6.7,0.28,0.28,2.4,0.012,36.0,100.0,0.99064,3.26,0.39,11.7
2242,6.1,0.23,0.45,10.6,0.094,49.0,169.0,0.99699,3.05,0.54,8.8
384,6.0,0.36,0.39,3.2,0.027,20.0,125.0,0.991,3.38,0.39,11.3
3737,7.1,0.21,0.72,1.6,0.167,65.0,120.0,0.99324,2.97,0.51,9.2
3002,6.3,0.37,0.28,6.3,0.034,45.0,152.0,0.9921,3.29,0.46,11.6
1380,6.9,0.38,0.32,8.5,0.044,36.0,152.0,0.9932,3.38,0.35,12.0
3842,7.5,0.26,0.31,1.6,0.032,36.0,109.0,0.99044,2.97,0.43,11.9
193,6.6,0.15,0.34,5.1,0.055,34.0,125.0,0.9942,3.36,0.42,9.6
3044,6.0,0.27,0.3,14.7,0.044,15.0,144.0,0.99666,3.12,0.53,10.3
219,7.5,0.23,0.36,7.0,0.036,43.0,161.0,0.9938,3.04,0.32,11.0
1734,6.9,0.16,0.3,9.6,0.057,50.0,185.0,0.9978,3.39,0.38,9.6
37,7.0,0.33,0.32,1.2,0.053,38.0,138.0,0.9906,3.13,0.28,11.2
1382,6.6,0.56,0.16,3.1,0.045,28.0,92.0,0.994,3.12,0.35,9.1
1119,6.4,0.5,0.16,12.9,0.042,26.0,138.0,0.9974,3.28,0.33,9.0
3849,8.2,0.31,0.43,7.0,0.047,18.0,87.0,0.99628,3.23,0.64,10.6
4827,6.7,0.22,0.33,1.2,0.036,36.0,86.0,0.99058,3.1,0.76,11.4
3697,6.8,0.15,0.41,12.9,0.044,79.5,182.0,0.99742,3.24,0.78,10.2
3270,6.4,0.15,0.29,1.8,0.044,21.0,115.0,0.99166,3.1,0.38,10.2
471,6.5,0.38,0.34,3.4,0.036,34.0,200.0,0.9937,3.14,0.76,10.0
2251,7.4,0.18,0.29,1.4,0.042,34.0,101.0,0.99384,3.54,0.6,10.5
4452,6.3,0.39,0.22,2.8,0.048,53.0,173.0,0.99304,3.24,0.45,9.8
1274,8.4,0.35,0.56,13.8,0.048,55.0,190.0,0.9993,3.07,0.58,9.4
331,6.8,0.24,0.34,4.6,0.032,37.0,135.0,0.9927,3.2,0.39,10.6
1188,7.1,0.21,0.3,1.4,0.037,45.0,143.0,0.9932,3.13,0.33,9.9
3062,6.8,0.28,0.43,7.6,0.03,30.0,110.0,0.99164,3.08,0.59,12.5
3125,7.4,0.23,0.38,8.6,0.052,41.0,150.0,0.99534,3.06,0.46,10.3
2103,6.0,0.27,0.15,1.5,0.056,35.0,128.0,0.9936,3.12,0.45,8.8
1158,5.7,0.26,0.27,4.1,0.201,73.5,189.5,0.9942,3.27,0.38,9.4
1350,8.0,0.57,0.39,3.9,0.034,22.0,122.0,0.9917,3.29,0.67,12.8
1395,6.9,0.19,0.33,1.6,0.039,27.0,98.0,0.9898,3.09,0.46,12.3
2143,6.5,0.14,0.32,2.7,0.037,18.0,89.0,0.9924,3.4,0.74,11.5
1636,7.8,0.49,0.49,7.0,0.043,29.0,149.0,0.9952,3.21,0.33,10.0
3031,5.8,0.19,0.25,10.8,0.042,33.0,124.0,0.99646,3.22,0.41,9.2
3914,6.2,0.39,0.24,4.8,0.037,45.0,138.0,0.99174,3.23,0.43,11.2
438,7.4,0.155,0.34,2.3,0.045,73.5,214.0,0.9934,3.18,0.61,9.9
